id,name,host_id,host_name,host_is_superhost,superhost_status,borough,neighbourhood,latitude,longitude,room_type,price,accommodates,price_per_guest,minimum_nights,number_of_reviews,last_review,reviews_per_month,calculated_host_listings_count,host_tier,price_category,availability_365,rating,listing_url
10001,Sunny Room in Williamsburg,1053,Ava,t,Superhost,Brooklyn,Williamsburg,40.67721,-73.96291,Entire home/apt,292,3,97.33,1,75,2026-04-24,3.17,2,Small Host (2-4),Luxury (>$250),91,4.94,https://www.airbnb.com/rooms/10001
10002,Quiet Room in SoHo,1177,Charlotte,t,Superhost,Manhattan,SoHo,40.78571,-73.95554,Entire home/apt,417,2,208.5,30,71,2026-05-05,2.75,3,Small Host (2-4),Luxury (>$250),129,4.97,https://www.airbnb.com/rooms/10002
10003,Spacious Suite in Greenpoint,1350,Michael,f,Standard Host,Brooklyn,Greenpoint,40.69042,-73.92422,Private room,91,1,91.0,1,22,2026-07-17,0.75,1,Single Listing,Budget (<$100),171,4.41,https://www.airbnb.com/rooms/10003
10004,Modern Apartment in Ridgewood,1203,Benjamin,t,Superhost,Queens,Ridgewood,40.71043,-73.7763,Private room,59,1,59.0,2,100,2026-07-24,2.78,3,Small Host (2-4),Budget (<$100),34,4.94,https://www.airbnb.com/rooms/10004
10005,Minimalist Apartment in Sunnyside,1240,Noah,t,Superhost,Queens,Sunnyside,40.70389,-73.81174,Private room,120,2,60.0,3,45,2026-08-01,4.19,8,Multi-Listing Host (5+),Moderate ($100-$250),144,4.97,https://www.airbnb.com/rooms/10005
10006,Chic Apartment in Bushwick,1312,Daniel,t,Superhost,Brooklyn,Bushwick,40.66484,-73.92974,Private room,87,2,43.5,2,78,2026-07-27,2.27,8,Multi-Listing Host (5+),Budget (<$100),45,4.99,https://www.airbnb.com/rooms/10006
10007,Boho Studio in Hell's Kitchen,1311,Sophia,f,Standard Host,Manhattan,Hell's Kitchen,40.79445,-73.97514,Private room,141,3,47.0,2,50,2026-06-14,7.54,1,Single Listing,Moderate ($100-$250),13,4.54,https://www.airbnb.com/rooms/10007
10008,Spacious Studio in Midtown,1343,Mia,t,Superhost,Manhattan,Midtown,40.75251,-73.96633,Entire home/apt,306,2,153.0,3,72,2026-06-25,3.85,12,Multi-Listing Host (5+),Luxury (>$250),344,4.99,https://www.airbnb.com/rooms/10008
10009,Cozy Brownstone Unit in SoHo,1275,Benjamin,t,Superhost,Manhattan,SoHo,40.78611,-73.98034,Entire home/apt,170,2,85.0,7,41,2026-06-23,2.25,1,Single Listing,Moderate ($100-$250),40,4.91,https://www.airbnb.com/rooms/10009
10010,Spacious Suite in Hell's Kitchen,1285,Mia,t,Superhost,Manhattan,Hell's Kitchen,40.79258,-73.97799,Private room,270,1,270.0,1,78,2026-01-19,7.27,1,Single Listing,Luxury (>$250),105,4.93,https://www.airbnb.com/rooms/10010
10011,Spacious Retreat in Financial District,1215,Ethan,f,Standard Host,Manhattan,Financial District,40.78374,-73.94433,Private room,133,1,133.0,3,19,2026-08-01,0.56,12,Multi-Listing Host (5+),Moderate ($100-$250),298,4.4,https://www.airbnb.com/rooms/10011
10012,Modern Room in Upper West Side,1126,Elena,t,Superhost,Manhattan,Upper West Side,40.8128,-73.95872,Entire home/apt,432,3,144.0,1,78,2026-03-28,8.56,2,Small Host (2-4),Luxury (>$250),64,4.94,https://www.airbnb.com/rooms/10012
10013,Sunny Flat in Chelsea,1136,Noah,f,Standard Host,Manhattan,Chelsea,40.78037,-73.98442,Private room,151,3,50.33,1,25,2026-08-01,1.33,1,Single Listing,Moderate ($100-$250),86,4.38,https://www.airbnb.com/rooms/10013
10014,Cozy Apartment in Park Slope,1021,Elena,t,Superhost,Brooklyn,Park Slope,40.66914,-73.92926,Private room,133,1,133.0,30,44,2026-04-04,1.3,3,Small Host (2-4),Moderate ($100-$250),100,4.95,https://www.airbnb.com/rooms/10014
10015,Minimalist Room in Greenpoint,1128,James,t,Superhost,Brooklyn,Greenpoint,40.6834,-73.96942,Private room,100,2,50.0,2,72,2026-05-29,5.67,3,Small Host (2-4),Moderate ($100-$250),152,4.91,https://www.airbnb.com/rooms/10015
10016,Cozy Brownstone Unit in Tribeca,1015,Emma,f,Standard Host,Manhattan,Tribeca,40.78688,-74.01673,Private room,248,1,248.0,1,36,2025-11-25,1.89,1,Single Listing,Moderate ($100-$250),305,4.39,https://www.airbnb.com/rooms/10016
10017,Boho Apartment in Tribeca,1101,Elena,f,Standard Host,Manhattan,Tribeca,40.76475,-74.01499,Private room,213,3,71.0,1,44,2026-06-14,1.63,4,Small Host (2-4),Moderate ($100-$250),350,4.47,https://www.airbnb.com/rooms/10017
10018,Sunny Loft in DUMBO,1108,Sophia,f,Standard Host,Brooklyn,DUMBO,40.66152,-73.98355,Entire home/apt,289,4,72.25,1,19,2026-05-29,0.68,1,Single Listing,Luxury (>$250),349,4.36,https://www.airbnb.com/rooms/10018
10019,Luxury Apartment in Jackson Heights,1076,Alex,t,Superhost,Queens,Jackson Heights,40.73066,-73.76915,Private room,46,3,15.33,7,71,2026-05-24,6.81,2,Small Host (2-4),Budget (<$100),64,4.96,https://www.airbnb.com/rooms/10019
10020,Bright Haven in Forest Hills,1063,Benjamin,t,Superhost,Queens,Forest Hills,40.69517,-73.80447,Entire home/apt,154,3,51.33,7,77,2026-06-29,2.35,3,Small Host (2-4),Moderate ($100-$250),238,4.95,https://www.airbnb.com/rooms/10020
10021,Quiet Brownstone Unit in Crown Heights,1249,Emily,t,Superhost,Brooklyn,Crown Heights,40.68898,-73.96122,Private room,101,1,101.0,2,61,2026-07-01,7.7,1,Single Listing,Moderate ($100-$250),222,4.9,https://www.airbnb.com/rooms/10021
10022,Cozy Brownstone Unit in Ridgewood,1295,Liam,f,Standard Host,Queens,Ridgewood,40.75149,-73.78928,Private room,62,3,20.67,2,18,2026-03-18,0.6,1,Single Listing,Budget (<$100),149,4.5,https://www.airbnb.com/rooms/10022
10023,Spacious Haven in Greenwich Village,1319,Ava,t,Superhost,Manhattan,Greenwich Village,40.77691,-74.00902,Private room,147,1,147.0,2,87,2026-05-08,5.5,1,Single Listing,Moderate ($100-$250),225,4.96,https://www.airbnb.com/rooms/10023
10024,Modern Room in Tribeca,1036,Sarah,f,Standard Host,Manhattan,Tribeca,40.78125,-73.92454,Entire home/apt,390,6,65.0,3,11,2026-07-21,0.38,2,Small Host (2-4),Luxury (>$250),68,4.55,https://www.airbnb.com/rooms/10024
10025,Chic Penthouse in Midtown,1193,Liam,f,Standard Host,Manhattan,Midtown,40.80672,-73.98252,Private room,79,1,79.0,2,15,2026-07-30,0.65,1,Single Listing,Budget (<$100),348,4.28,https://www.airbnb.com/rooms/10025
10026,Spacious Room in Greenwich Village,1326,Benjamin,f,Standard Host,Manhattan,Greenwich Village,40.76249,-73.96705,Shared room,63,2,31.5,1,53,2026-05-15,2.78,3,Small Host (2-4),Budget (<$100),135,4.4,https://www.airbnb.com/rooms/10026
10027,Bright Haven in Long Island City,1173,Alex,f,Standard Host,Queens,Long Island City,40.72832,-73.83387,Private room,45,1,45.0,2,16,2026-07-16,1.36,2,Small Host (2-4),Budget (<$100),294,4.45,https://www.airbnb.com/rooms/10027
10028,Bright Retreat in Brooklyn Heights,1208,Emily,t,Superhost,Brooklyn,Brooklyn Heights,40.68003,-73.94862,Entire home/apt,234,4,58.5,1,72,2026-07-15,5.1,1,Single Listing,Moderate ($100-$250),108,4.96,https://www.airbnb.com/rooms/10028
10029,Stunning Haven in Riverdale,1302,Noah,f,Standard Host,Bronx,Riverdale,40.85657,-73.83422,Entire home/apt,120,8,15.0,1,21,2026-05-10,0.84,1,Single Listing,Moderate ($100-$250),16,4.53,https://www.airbnb.com/rooms/10029
10030,Chic Brownstone Unit in Bedford-Stuyvesant,1059,Michael,f,Standard Host,Brooklyn,Bedford-Stuyvesant,40.66001,-73.92557,Private room,88,1,88.0,3,40,2026-05-07,4.19,1,Single Listing,Budget (<$100),326,4.46,https://www.airbnb.com/rooms/10030
10031,Bright Room in Brooklyn Heights,1292,Charlotte,t,Superhost,Brooklyn,Brooklyn Heights,40.66843,-73.91235,Entire home/apt,372,8,46.5,2,86,2026-05-23,4.71,1,Single Listing,Luxury (>$250),26,4.93,https://www.airbnb.com/rooms/10031
10032,Charming Brownstone Unit in Brooklyn Heights,1321,Ethan,f,Standard Host,Brooklyn,Brooklyn Heights,40.70296,-73.92776,Entire home/apt,223,6,37.17,1,25,2026-06-12,0.88,1,Single Listing,Moderate ($100-$250),73,4.57,https://www.airbnb.com/rooms/10032
10033,Modern Flat in Concourse,1222,Carlos,f,Standard Host,Bronx,Concourse,40.82401,-73.87014,Private room,52,1,52.0,2,85,2026-07-21,2.94,4,Small Host (2-4),Budget (<$100),236,4.1,https://www.airbnb.com/rooms/10033
10034,Cozy Retreat in Brooklyn Heights,1165,Emma,f,Standard Host,Brooklyn,Brooklyn Heights,40.71532,-73.91656,Entire home/apt,185,3,61.67,30,48,2026-07-09,3.11,3,Small Host (2-4),Moderate ($100-$250),216,4.52,https://www.airbnb.com/rooms/10034
10035,Spacious Haven in Williamsburg,1321,Benjamin,f,Standard Host,Brooklyn,Williamsburg,40.68726,-73.92231,Private room,43,1,43.0,2,25,2026-06-14,2.33,1,Single Listing,Budget (<$100),57,4.33,https://www.airbnb.com/rooms/10035
10036,Minimalist Retreat in Riverdale,1140,Sophia,f,Standard Host,Bronx,Riverdale,40.83085,-73.89656,Entire home/apt,104,8,13.0,4,15,2026-07-13,0.47,1,Single Listing,Moderate ($100-$250),222,4.43,https://www.airbnb.com/rooms/10036
10037,Boho Apartment in Midtown,1338,Mia,f,Standard Host,Manhattan,Midtown,40.77965,-73.95471,Private room,101,2,50.5,2,58,2026-07-10,3.17,1,Single Listing,Moderate ($100-$250),205,4.55,https://www.airbnb.com/rooms/10037
10038,Sunny Haven in Williamsburg,1052,Benjamin,t,Superhost,Brooklyn,Williamsburg,40.68041,-73.89872,Entire home/apt,439,6,73.17,2,128,2026-07-27,7.14,1,Single Listing,Luxury (>$250),283,4.96,https://www.airbnb.com/rooms/10038
10039,Spacious Flat in Astoria,1148,Emily,f,Standard Host,Queens,Astoria,40.71196,-73.80967,Private room,95,2,47.5,2,48,2026-06-17,4.63,1,Single Listing,Budget (<$100),102,4.42,https://www.airbnb.com/rooms/10039
10040,Stunning Room in Ridgewood,1119,Benjamin,f,Standard Host,Queens,Ridgewood,40.75286,-73.80926,Private room,43,2,21.5,1,44,2025-11-11,1.28,2,Small Host (2-4),Budget (<$100),227,4.43,https://www.airbnb.com/rooms/10040
10041,Luxury Flat in Greenwich Village,1184,Ethan,t,Superhost,Manhattan,Greenwich Village,40.78884,-73.97877,Entire home/apt,653,4,163.25,1,67,2026-05-04,2.02,1,Single Listing,Luxury (>$250),190,4.92,https://www.airbnb.com/rooms/10041
10042,Charming Haven in Harlem,1159,Benjamin,t,Superhost,Manhattan,Harlem,40.78827,-74.00115,Private room,92,1,92.0,2,46,2026-07-05,1.42,3,Small Host (2-4),Budget (<$100),149,4.97,https://www.airbnb.com/rooms/10042
10043,Boho Penthouse in Fordham,1039,David,f,Standard Host,Bronx,Fordham,40.84441,-73.88299,Entire home/apt,82,2,41.0,3,23,2026-07-05,2.37,1,Single Listing,Budget (<$100),144,4.49,https://www.airbnb.com/rooms/10043
10044,Stunning Penthouse in Chelsea,1168,Charlotte,t,Superhost,Manhattan,Chelsea,40.75629,-73.99856,Private room,174,1,174.0,1,115,2026-06-22,7.6,1,Single Listing,Moderate ($100-$250),285,4.98,https://www.airbnb.com/rooms/10044
10045,Luxury Loft in Cobble Hill,1213,Emma,f,Standard Host,Brooklyn,Cobble Hill,40.64223,-73.92417,Entire home/apt,260,4,65.0,3,47,2026-03-15,2.76,1,Single Listing,Luxury (>$250),41,4.48,https://www.airbnb.com/rooms/10045
10046,Modern Apartment in Pelham Bay,1011,Sarah,f,Standard Host,Bronx,Pelham Bay,40.83875,-73.85322,Private room,55,1,55.0,1,9,2026-07-09,0.28,1,Single Listing,Budget (<$100),315,4.47,https://www.airbnb.com/rooms/10046
10047,Stunning Studio in Bedford-Stuyvesant,1184,Emily,f,Standard Host,Brooklyn,Bedford-Stuyvesant,40.71687,-73.91224,Entire home/apt,196,2,98.0,3,24,2026-07-17,1.23,1,Single Listing,Moderate ($100-$250),347,4.4,https://www.airbnb.com/rooms/10047
10048,Bright Loft in Hell's Kitchen,1228,Michael,f,Standard Host,Manhattan,Hell's Kitchen,40.79346,-73.9591,Entire home/apt,218,3,72.67,2,10,2026-07-12,0.42,1,Single Listing,Moderate ($100-$250),230,4.39,https://www.airbnb.com/rooms/10048
10049,Chic Studio in Forest Hills,1221,Benjamin,f,Standard Host,Queens,Forest Hills,40.75551,-73.8213,Private room,75,2,37.5,3,53,2026-06-29,6.19,2,Small Host (2-4),Budget (<$100),200,4.43,https://www.airbnb.com/rooms/10049
10050,Quiet Retreat in Cobble Hill,1341,Sophia,f,Standard Host,Brooklyn,Cobble Hill,40.65591,-73.97867,Entire home/apt,164,4,41.0,4,21,2026-07-05,0.67,1,Single Listing,Moderate ($100-$250),303,4.5,https://www.airbnb.com/rooms/10050
10051,Sunny Room in St. George,1015,Jessica,t,Superhost,Staten Island,St. George,40.55114,-74.17336,Private room,80,2,40.0,2,51,2026-06-17,5.83,1,Single Listing,Budget (<$100),242,4.92,https://www.airbnb.com/rooms/10051
10052,Quiet Flat in Bushwick,1026,Michael,t,Superhost,Brooklyn,Bushwick,40.6672,-73.93339,Private room,94,2,47.0,2,73,2026-05-25,5.04,1,Single Listing,Budget (<$100),167,4.98,https://www.airbnb.com/rooms/10052
10053,Spacious Brownstone Unit in Chelsea,1131,Olivia,t,Superhost,Manhattan,Chelsea,40.77873,-73.95814,Entire home/apt,339,2,169.5,2,65,2026-06-11,2.04,1,Single Listing,Luxury (>$250),337,4.99,https://www.airbnb.com/rooms/10053
10054,Minimalist Penthouse in SoHo,1186,Michael,f,Standard Host,Manhattan,SoHo,40.77067,-73.9483,Entire home/apt,626,2,313.0,3,25,2026-07-28,0.85,1,Single Listing,Luxury (>$250),281,4.24,https://www.airbnb.com/rooms/10054
10055,Boho Room in Harlem,1309,David,f,Standard Host,Manhattan,Harlem,40.78407,-73.95999,Entire home/apt,386,4,96.5,1,29,2026-06-03,0.91,1,Single Listing,Luxury (>$250),44,4.44,https://www.airbnb.com/rooms/10055
10056,Rustic Suite in Ridgewood,1232,Sarah,t,Superhost,Queens,Ridgewood,40.77453,-73.7614,Entire home/apt,180,5,36.0,7,41,2026-04-29,1.81,3,Small Host (2-4),Moderate ($100-$250),240,4.96,https://www.airbnb.com/rooms/10056
10057,Sunny Loft in Hell's Kitchen,1176,Michael,f,Standard Host,Manhattan,Hell's Kitchen,40.73279,-73.97163,Entire home/apt,297,2,148.5,4,26,2026-06-08,1.61,1,Single Listing,Luxury (>$250),341,4.47,https://www.airbnb.com/rooms/10057
10058,Boho Brownstone Unit in Park Slope,1309,David,t,Superhost,Brooklyn,Park Slope,40.70503,-73.95274,Private room,186,2,93.0,5,47,2026-05-27,1.55,1,Single Listing,Moderate ($100-$250),279,4.96,https://www.airbnb.com/rooms/10058
10059,Bright Flat in Williamsburg,1249,Daniel,t,Superhost,Brooklyn,Williamsburg,40.66796,-73.93222,Entire home/apt,417,2,208.5,2,43,2026-07-24,1.48,1,Single Listing,Luxury (>$250),93,4.99,https://www.airbnb.com/rooms/10059
10060,Quiet Apartment in Long Island City,1122,Benjamin,f,Standard Host,Queens,Long Island City,40.75517,-73.79651,Entire home/apt,122,5,24.4,4,15,2026-06-28,0.65,1,Single Listing,Moderate ($100-$250),205,4.57,https://www.airbnb.com/rooms/10060
10061,Quiet Studio in Jackson Heights,1247,Elena,f,Standard Host,Queens,Jackson Heights,40.67996,-73.83215,Entire home/apt,200,2,100.0,2,17,2026-07-17,0.49,4,Small Host (2-4),Moderate ($100-$250),188,4.54,https://www.airbnb.com/rooms/10061
10062,Cozy Room in SoHo,1015,Carlos,f,Standard Host,Manhattan,SoHo,40.75094,-73.96544,Entire home/apt,911,5,182.2,2,42,2026-05-20,4.13,3,Small Host (2-4),Luxury (>$250),12,4.21,https://www.airbnb.com/rooms/10062
10063,Luxury Flat in Harlem,1057,Olivia,t,Superhost,Manhattan,Harlem,40.75237,-73.98093,Private room,165,1,165.0,1,85,2026-05-17,3.66,1,Single Listing,Moderate ($100-$250),10,4.95,https://www.airbnb.com/rooms/10063
10064,Minimalist Flat in East Village,1279,Noah,f,Standard Host,Manhattan,East Village,40.81157,-73.98991,Shared room,70,2,35.0,1,3,2026-07-28,0.18,1,Single Listing,Budget (<$100),346,4.38,https://www.airbnb.com/rooms/10064
10065,Chic Haven in Greenpoint,1330,Jessica,f,Standard Host,Brooklyn,Greenpoint,40.69378,-73.92688,Entire home/apt,297,4,74.25,2,12,2026-03-24,0.4,1,Single Listing,Luxury (>$250),168,4.63,https://www.airbnb.com/rooms/10065
10066,Bright Brownstone Unit in Chelsea,1336,Carlos,t,Superhost,Manhattan,Chelsea,40.78036,-73.98016,Entire home/apt,671,5,134.2,4,70,2026-07-05,2.62,2,Small Host (2-4),Luxury (>$250),146,4.96,https://www.airbnb.com/rooms/10066
10067,Minimalist Apartment in Financial District,1053,Michael,t,Superhost,Manhattan,Financial District,40.79571,-73.97159,Entire home/apt,201,2,100.5,3,50,2026-07-29,1.68,1,Single Listing,Moderate ($100-$250),217,4.95,https://www.airbnb.com/rooms/10067
10068,Spacious Studio in Riverdale,1065,Michael,t,Superhost,Bronx,Riverdale,40.8554,-73.8473,Entire home/apt,77,4,19.25,2,64,2026-07-05,6.32,1,Single Listing,Budget (<$100),152,4.95,https://www.airbnb.com/rooms/10068
10069,Chic Retreat in Brooklyn Heights,1134,Benjamin,t,Superhost,Brooklyn,Brooklyn Heights,40.62323,-73.95036,Entire home/apt,148,4,37.0,30,52,2026-01-08,1.72,2,Small Host (2-4),Moderate ($100-$250),187,4.89,https://www.airbnb.com/rooms/10069
10070,Spacious Room in Upper West Side,1327,Jessica,f,Standard Host,Manhattan,Upper West Side,40.71493,-73.95244,Private room,89,2,44.5,2,9,2026-04-26,0.53,3,Small Host (2-4),Budget (<$100),323,4.6,https://www.airbnb.com/rooms/10070
10071,Charming Apartment in Hell's Kitchen,1038,David,f,Standard Host,Manhattan,Hell's Kitchen,40.7493,-73.97671,Private room,83,2,41.5,1,20,2026-03-10,1.05,1,Single Listing,Budget (<$100),73,4.57,https://www.airbnb.com/rooms/10071
10072,Rustic Studio in Chelsea,1041,James,t,Superhost,Manhattan,Chelsea,40.79244,-73.99819,Private room,316,3,105.33,3,58,2026-07-21,2.48,1,Single Listing,Luxury (>$250),319,4.93,https://www.airbnb.com/rooms/10072
10073,Modern Penthouse in Astoria,1136,Daniel,f,Standard Host,Queens,Astoria,40.79197,-73.7592,Private room,48,2,24.0,2,40,2026-06-28,5.13,1,Single Listing,Budget (<$100),114,4.55,https://www.airbnb.com/rooms/10073
10074,Rustic Penthouse in Flushing,1067,Elena,f,Standard Host,Queens,Flushing,40.7012,-73.8008,Shared room,35,1,35.0,30,15,2026-06-30,0.47,2,Small Host (2-4),Budget (<$100),91,4.6,https://www.airbnb.com/rooms/10074
10075,Sunny Studio in Harlem,1158,Mia,t,Superhost,Manhattan,Harlem,40.75905,-73.97094,Entire home/apt,136,6,22.67,7,53,2026-06-29,1.69,2,Small Host (2-4),Moderate ($100-$250),197,4.94,https://www.airbnb.com/rooms/10075
10076,Chic Brownstone Unit in Financial District,1198,Noah,f,Standard Host,Manhattan,Financial District,40.78132,-73.98877,Entire home/apt,261,3,87.0,2,73,2026-06-14,2.05,1,Single Listing,Luxury (>$250),83,4.59,https://www.airbnb.com/rooms/10076
10077,Sunny Penthouse in Williamsburg,1266,Benjamin,t,Superhost,Brooklyn,Williamsburg,40.71656,-73.93463,Private room,180,2,90.0,2,61,2026-06-22,2.87,2,Small Host (2-4),Moderate ($100-$250),253,4.94,https://www.airbnb.com/rooms/10077
10078,Boho Suite in Park Slope,1323,Alex,f,Standard Host,Brooklyn,Park Slope,40.72274,-73.9828,Private room,68,1,68.0,4,43,2026-05-17,1.98,1,Single Listing,Budget (<$100),204,4.61,https://www.airbnb.com/rooms/10078
10079,Bright Room in East Village,1212,Daniel,f,Standard Host,Manhattan,East Village,40.79094,-73.9511,Entire home/apt,552,5,110.4,2,10,2026-03-09,0.89,2,Small Host (2-4),Luxury (>$250),191,4.42,https://www.airbnb.com/rooms/10079
10080,Minimalist Apartment in Crown Heights,1153,Olivia,f,Standard Host,Brooklyn,Crown Heights,40.65389,-73.9247,Entire home/apt,185,4,46.25,7,29,2026-06-15,1.25,2,Small Host (2-4),Moderate ($100-$250),212,4.38,https://www.airbnb.com/rooms/10080
10081,Bright Haven in Upper West Side,1336,James,f,Standard Host,Manhattan,Upper West Side,40.7909,-73.97345,Private room,158,1,158.0,1,34,2026-07-17,1.03,1,Single Listing,Moderate ($100-$250),61,4.47,https://www.airbnb.com/rooms/10081
10082,Cozy Brownstone Unit in Harlem,1209,Mia,f,Standard Host,Manhattan,Harlem,40.76906,-73.94593,Private room,140,1,140.0,1,42,2026-03-08,1.23,4,Small Host (2-4),Moderate ($100-$250),100,4.35,https://www.airbnb.com/rooms/10082
10083,Bright Apartment in Long Island City,1020,Alex,t,Superhost,Queens,Long Island City,40.79895,-73.82467,Private room,97,2,48.5,2,71,2026-04-24,5.01,1,Single Listing,Budget (<$100),244,4.98,https://www.airbnb.com/rooms/10083
10084,Charming Penthouse in SoHo,1090,Charlotte,f,Standard Host,Manhattan,SoHo,40.77525,-73.96464,Private room,89,2,44.5,1,74,2026-07-15,4.71,1,Single Listing,Budget (<$100),130,4.49,https://www.airbnb.com/rooms/10084
10085,Chic Haven in Financial District,1032,Emma,f,Standard Host,Manhattan,Financial District,40.81215,-73.96911,Private room,101,1,101.0,30,99,2026-06-26,4.87,1,Single Listing,Moderate ($100-$250),201,4.55,https://www.airbnb.com/rooms/10085
10086,Bright Flat in Crown Heights,1042,Noah,f,Standard Host,Brooklyn,Crown Heights,40.62608,-73.94139,Private room,55,2,27.5,2,7,2026-07-09,0.67,2,Small Host (2-4),Budget (<$100),69,4.34,https://www.airbnb.com/rooms/10086
10087,Quiet Apartment in Cobble Hill,1213,Benjamin,f,Standard Host,Brooklyn,Cobble Hill,40.67023,-73.94136,Entire home/apt,173,4,43.25,30,3,2026-03-20,0.38,1,Single Listing,Moderate ($100-$250),251,4.26,https://www.airbnb.com/rooms/10087
10088,Bright Loft in Park Slope,1194,Liam,t,Superhost,Brooklyn,Park Slope,40.65922,-73.98132,Entire home/apt,388,8,48.5,2,46,2026-07-17,2.65,1,Single Listing,Luxury (>$250),89,4.93,https://www.airbnb.com/rooms/10088
10089,Quiet Room in Greenwich Village,1124,Daniel,t,Superhost,Manhattan,Greenwich Village,40.74789,-74.00222,Private room,97,2,48.5,7,36,2026-07-16,1.18,1,Single Listing,Budget (<$100),348,4.94,https://www.airbnb.com/rooms/10089
10090,Charming Apartment in Tribeca,1321,Sophia,f,Standard Host,Manhattan,Tribeca,40.79296,-73.93217,Private room,110,1,110.0,2,20,2026-07-20,1.33,3,Small Host (2-4),Moderate ($100-$250),133,4.36,https://www.airbnb.com/rooms/10090
10091,Luxury Penthouse in Astoria,1069,Liam,t,Superhost,Queens,Astoria,40.65553,-73.82494,Private room,45,1,45.0,3,97,2026-05-07,8.33,1,Single Listing,Budget (<$100),296,4.93,https://www.airbnb.com/rooms/10091
10092,Bright Haven in Midtown,1246,Emily,f,Standard Host,Manhattan,Midtown,40.74709,-73.96811,Private room,173,2,86.5,7,23,2026-07-06,1.51,1,Single Listing,Moderate ($100-$250),248,4.44,https://www.airbnb.com/rooms/10092
10093,Boho Haven in Greenpoint,1289,Emily,f,Standard Host,Brooklyn,Greenpoint,40.69886,-73.95654,Entire home/apt,129,2,64.5,2,51,2026-02-10,2.26,8,Multi-Listing Host (5+),Moderate ($100-$250),260,4.37,https://www.airbnb.com/rooms/10093
10094,Rustic Haven in Greenpoint,1278,Sarah,f,Standard Host,Brooklyn,Greenpoint,40.66731,-73.92481,Entire home/apt,325,5,65.0,1,6,2026-06-26,0.48,2,Small Host (2-4),Luxury (>$250),336,4.56,https://www.airbnb.com/rooms/10094
10095,Quiet Haven in Williamsburg,1272,James,f,Standard Host,Brooklyn,Williamsburg,40.70984,-73.94288,Entire home/apt,116,2,58.0,2,25,2026-07-15,1.02,1,Single Listing,Moderate ($100-$250),213,4.39,https://www.airbnb.com/rooms/10095
10096,Bright Flat in Crown Heights,1333,Sarah,t,Superhost,Brooklyn,Crown Heights,40.67766,-73.95869,Entire home/apt,429,3,143.0,2,79,2026-07-26,2.49,1,Single Listing,Luxury (>$250),31,4.9,https://www.airbnb.com/rooms/10096
10097,Modern Loft in Williamsburg,1279,Ethan,f,Standard Host,Brooklyn,Williamsburg,40.71194,-73.96162,Entire home/apt,207,2,103.5,2,13,2026-05-26,0.41,2,Small Host (2-4),Moderate ($100-$250),206,4.48,https://www.airbnb.com/rooms/10097
10098,Spacious Room in Greenpoint,1175,Charlotte,f,Standard Host,Brooklyn,Greenpoint,40.67461,-73.91891,Private room,106,3,35.33,3,23,2026-07-27,0.89,2,Small Host (2-4),Moderate ($100-$250),136,4.45,https://www.airbnb.com/rooms/10098
10099,Quiet Loft in Harlem,1003,Olivia,f,Standard Host,Manhattan,Harlem,40.78197,-73.98862,Entire home/apt,333,5,66.6,7,25,2026-05-01,1.05,1,Single Listing,Luxury (>$250),16,4.59,https://www.airbnb.com/rooms/10099
10100,Luxury Haven in Cobble Hill,1087,Liam,t,Superhost,Brooklyn,Cobble Hill,40.6846,-73.88696,Private room,62,1,62.0,3,57,2026-02-09,3.39,1,Single Listing,Budget (<$100),263,4.96,https://www.airbnb.com/rooms/10100
10101,Rustic Suite in Upper West Side,1195,Carlos,f,Standard Host,Manhattan,Upper West Side,40.80316,-73.97035,Private room,174,2,87.0,3,37,2026-07-09,2.06,1,Single Listing,Moderate ($100-$250),334,4.47,https://www.airbnb.com/rooms/10101
10102,Charming Suite in Upper West Side,1289,Daniel,f,Standard Host,Manhattan,Upper West Side,40.75712,-73.96309,Entire home/apt,215,3,71.67,2,46,2026-04-28,1.5,1,Single Listing,Moderate ($100-$250),265,4.53,https://www.airbnb.com/rooms/10102
10103,Quiet Penthouse in Harlem,1307,Mia,f,Standard Host,Manhattan,Harlem,40.77545,-74.00565,Entire home/apt,553,3,184.33,2,24,2026-06-06,2.18,2,Small Host (2-4),Luxury (>$250),340,4.56,https://www.airbnb.com/rooms/10103
10104,Bright Apartment in Pelham Bay,1266,Ava,f,Standard Host,Bronx,Pelham Bay,40.82613,-73.85763,Entire home/apt,114,4,28.5,2,26,2026-07-26,3.86,1,Single Listing,Moderate ($100-$250),53,4.49,https://www.airbnb.com/rooms/10104
10105,Modern Brownstone Unit in SoHo,1244,Emma,f,Standard Host,Manhattan,SoHo,40.77002,-73.96743,Entire home/apt,261,4,65.25,1,81,2026-01-23,3.55,1,Single Listing,Luxury (>$250),217,4.57,https://www.airbnb.com/rooms/10105
10106,Quiet Flat in Financial District,1003,Daniel,t,Superhost,Manhattan,Financial District,40.79844,-73.95498,Entire home/apt,263,5,52.6,3,44,2026-06-17,1.38,1,Single Listing,Luxury (>$250),315,4.95,https://www.airbnb.com/rooms/10106
10107,Modern Retreat in SoHo,1153,Charlotte,f,Standard Host,Manhattan,SoHo,40.79876,-73.99408,Private room,125,2,62.5,2,9,2026-06-22,0.48,4,Small Host (2-4),Moderate ($100-$250),340,4.35,https://www.airbnb.com/rooms/10107
10108,Minimalist Suite in Upper West Side,1028,Elena,f,Standard Host,Manhattan,Upper West Side,40.79672,-73.96014,Entire home/apt,374,3,124.67,1,13,2026-06-27,0.48,1,Single Listing,Luxury (>$250),299,4.49,https://www.airbnb.com/rooms/10108
10109,Spacious Suite in Upper West Side,1290,Mia,f,Standard Host,Manhattan,Upper West Side,40.7857,-73.9549,Private room,218,1,218.0,5,51,2026-07-07,2.62,3,Small Host (2-4),Moderate ($100-$250),234,4.55,https://www.airbnb.com/rooms/10109
10110,Boho Loft in Financial District,1220,Jessica,f,Standard Host,Manhattan,Financial District,40.80582,-73.98603,Private room,72,2,36.0,2,70,2026-07-12,1.98,12,Multi-Listing Host (5+),Budget (<$100),273,4.43,https://www.airbnb.com/rooms/10110
10111,Bright Penthouse in Greenwich Village,1065,David,t,Superhost,Manhattan,Greenwich Village,40.83768,-74.00176,Private room,211,2,105.5,1,91,2026-03-27,3.64,2,Small Host (2-4),Moderate ($100-$250),273,4.96,https://www.airbnb.com/rooms/10111
10112,Stunning Penthouse in Brooklyn Heights,1048,Benjamin,f,Standard Host,Brooklyn,Brooklyn Heights,40.64092,-73.94502,Private room,95,2,47.5,2,81,2026-07-12,5.16,1,Single Listing,Budget (<$100),76,4.28,https://www.airbnb.com/rooms/10112
10113,Bright Suite in Jackson Heights,1236,Alex,t,Superhost,Queens,Jackson Heights,40.74131,-73.79078,Private room,72,2,36.0,1,93,2026-03-14,5.42,1,Single Listing,Budget (<$100),212,4.93,https://www.airbnb.com/rooms/10113
10114,Sunny Room in Bushwick,1068,Ethan,t,Superhost,Brooklyn,Bushwick,40.67853,-73.94453,Entire home/apt,226,4,56.5,3,27,2026-07-04,3.32,1,Single Listing,Moderate ($100-$250),62,4.96,https://www.airbnb.com/rooms/10114
10115,Sunny Apartment in Harlem,1289,Alex,f,Standard Host,Manhattan,Harlem,40.76416,-73.99456,Entire home/apt,256,2,128.0,3,56,2026-07-25,5.49,8,Multi-Listing Host (5+),Luxury (>$250),189,4.55,https://www.airbnb.com/rooms/10115
10116,Boho Flat in East Village,1146,Alex,f,Standard Host,Manhattan,East Village,40.79424,-73.97089,Private room,222,2,111.0,2,18,2026-01-28,0.55,1,Single Listing,Moderate ($100-$250),67,4.51,https://www.airbnb.com/rooms/10116
10117,Modern Room in Midtown,1292,Sophia,t,Superhost,Manhattan,Midtown,40.82956,-73.97504,Entire home/apt,364,4,91.0,1,40,2026-05-21,2.17,1,Single Listing,Luxury (>$250),284,4.94,https://www.airbnb.com/rooms/10117
10118,Cozy Room in East Village,1275,Carlos,f,Standard Host,Manhattan,East Village,40.73355,-73.98465,Private room,136,2,68.0,2,76,2026-07-27,9.82,1,Single Listing,Moderate ($100-$250),242,4.24,https://www.airbnb.com/rooms/10118
10119,Rustic Loft in Bedford-Stuyvesant,1084,Mia,f,Standard Host,Brooklyn,Bedford-Stuyvesant,40.70689,-73.91745,Private room,105,2,52.5,1,11,2026-04-25,1.6,1,Single Listing,Moderate ($100-$250),42,4.31,https://www.airbnb.com/rooms/10119
10120,Cozy Retreat in Cobble Hill,1189,Jessica,t,Superhost,Brooklyn,Cobble Hill,40.63912,-73.96297,Private room,148,1,148.0,2,81,2026-06-24,6.07,1,Single Listing,Moderate ($100-$250),86,4.99,https://www.airbnb.com/rooms/10120
10121,Sunny Flat in Forest Hills,1214,Carlos,t,Superhost,Queens,Forest Hills,40.72637,-73.82613,Entire home/apt,117,2,58.5,2,111,2026-06-13,9.23,1,Single Listing,Moderate ($100-$250),328,4.94,https://www.airbnb.com/rooms/10121
10122,Cozy Apartment in Tompkinsville,1078,Alex,f,Standard Host,Staten Island,Tompkinsville,40.60066,-74.15366,Private room,35,1,35.0,30,33,2026-07-19,2.17,1,Single Listing,Budget (<$100),224,4.47,https://www.airbnb.com/rooms/10122
10123,Bright Penthouse in Bushwick,1212,Elena,f,Standard Host,Brooklyn,Bushwick,40.69566,-73.93926,Private room,65,2,32.5,7,41,2026-04-09,2.78,2,Small Host (2-4),Budget (<$100),211,4.41,https://www.airbnb.com/rooms/10123
10124,Bright Flat in Upper West Side,1300,Emma,t,Superhost,Manhattan,Upper West Side,40.77157,-73.96627,Entire home/apt,784,2,392.0,1,72,2026-07-25,5.16,2,Small Host (2-4),Luxury (>$250),165,4.98,https://www.airbnb.com/rooms/10124
10125,Quiet Penthouse in SoHo,1203,Noah,t,Superhost,Manhattan,SoHo,40.80189,-73.9459,Shared room,93,1,93.0,1,177,2026-07-25,5.94,1,Single Listing,Budget (<$100),123,4.99,https://www.airbnb.com/rooms/10125
10126,Modern Penthouse in Bushwick,1012,Michael,t,Superhost,Brooklyn,Bushwick,40.66422,-73.96102,Private room,94,2,47.0,2,121,2026-05-16,6.37,2,Small Host (2-4),Budget (<$100),205,4.99,https://www.airbnb.com/rooms/10126
10127,Minimalist Penthouse in Harlem,1315,Charlotte,f,Standard Host,Manhattan,Harlem,40.7797,-73.94973,Entire home/apt,143,4,35.75,2,28,2025-09-28,2.08,12,Multi-Listing Host (5+),Moderate ($100-$250),19,4.38,https://www.airbnb.com/rooms/10127
10128,Charming Retreat in Brooklyn Heights,1139,Jessica,t,Superhost,Brooklyn,Brooklyn Heights,40.67856,-73.96219,Entire home/apt,334,4,83.5,1,33,2026-07-17,1.4,2,Small Host (2-4),Luxury (>$250),136,4.95,https://www.airbnb.com/rooms/10128
10129,Modern Haven in Forest Hills,1199,Elena,f,Standard Host,Queens,Forest Hills,40.82267,-73.76028,Entire home/apt,153,8,19.12,7,19,2026-07-23,0.83,1,Single Listing,Moderate ($100-$250),262,4.35,https://www.airbnb.com/rooms/10129
10130,Spacious Penthouse in Midtown,1001,Carlos,f,Standard Host,Manhattan,Midtown,40.79614,-73.96967,Private room,177,1,177.0,4,10,2026-03-05,0.42,3,Small Host (2-4),Moderate ($100-$250),279,4.56,https://www.airbnb.com/rooms/10130
10131,Minimalist Flat in Park Slope,1081,Sophia,f,Standard Host,Brooklyn,Park Slope,40.65878,-73.95585,Entire home/apt,175,8,21.88,7,14,2026-02-04,0.5,3,Small Host (2-4),Moderate ($100-$250),210,4.31,https://www.airbnb.com/rooms/10131
10132,Charming Suite in Financial District,1328,Ethan,t,Superhost,Manhattan,Financial District,40.77313,-73.98632,Private room,284,2,142.0,3,62,2026-05-27,2.02,1,Single Listing,Luxury (>$250),181,4.93,https://www.airbnb.com/rooms/10132
10133,Spacious Loft in East Village,1025,Liam,f,Standard Host,Manhattan,East Village,40.76234,-73.94281,Private room,166,2,83.0,1,22,2026-04-27,1.13,1,Single Listing,Moderate ($100-$250),20,4.4,https://www.airbnb.com/rooms/10133
10134,Spacious Studio in Greenwich Village,1048,Carlos,f,Standard Host,Manhattan,Greenwich Village,40.80099,-73.96701,Private room,155,2,77.5,1,28,2026-05-15,1.01,1,Single Listing,Moderate ($100-$250),154,4.49,https://www.airbnb.com/rooms/10134
10135,Quiet Penthouse in Tribeca,1219,Michael,t,Superhost,Manhattan,Tribeca,40.78928,-73.98096,Entire home/apt,281,4,70.25,2,59,2026-07-27,2.28,1,Single Listing,Luxury (>$250),104,4.97,https://www.airbnb.com/rooms/10135
10136,Luxury Haven in Midtown,1138,Ethan,t,Superhost,Manhattan,Midtown,40.77524,-73.97307,Entire home/apt,502,5,100.4,2,90,2026-06-30,2.95,1,Single Listing,Luxury (>$250),253,4.94,https://www.airbnb.com/rooms/10136
10137,Chic Haven in Greenwich Village,1265,Ethan,f,Standard Host,Manhattan,Greenwich Village,40.80903,-73.98936,Entire home/apt,454,4,113.5,2,12,2026-07-03,1.5,3,Small Host (2-4),Luxury (>$250),176,4.11,https://www.airbnb.com/rooms/10137
10138,Boho Haven in Astoria,1215,Emma,f,Standard Host,Queens,Astoria,40.76282,-73.78536,Private room,39,1,39.0,2,36,2026-06-16,2.47,1,Single Listing,Budget (<$100),220,4.51,https://www.airbnb.com/rooms/10138
10139,Bright Haven in Brooklyn Heights,1312,Liam,t,Superhost,Brooklyn,Brooklyn Heights,40.69771,-73.93952,Entire home/apt,202,6,33.67,7,100,2026-07-26,3.72,1,Single Listing,Moderate ($100-$250),78,4.97,https://www.airbnb.com/rooms/10139
10140,Cozy Apartment in Greenpoint,1097,Benjamin,t,Superhost,Brooklyn,Greenpoint,40.69425,-73.94736,Private room,154,2,77.0,1,100,2026-06-20,6.52,3,Small Host (2-4),Moderate ($100-$250),278,4.96,https://www.airbnb.com/rooms/10140
10141,Bright Loft in Chelsea,1185,Daniel,t,Superhost,Manhattan,Chelsea,40.79097,-73.98415,Entire home/apt,207,5,41.4,1,46,2026-07-07,1.95,2,Small Host (2-4),Moderate ($100-$250),142,4.98,https://www.airbnb.com/rooms/10141
10142,Bright Room in Greenwich Village,1110,Emily,f,Standard Host,Manhattan,Greenwich Village,40.78219,-73.93387,Private room,171,2,85.5,1,16,2026-08-01,0.67,2,Small Host (2-4),Moderate ($100-$250),166,3.99,https://www.airbnb.com/rooms/10142
10143,Charming Room in Park Slope,1155,Noah,f,Standard Host,Brooklyn,Park Slope,40.69471,-73.96646,Entire home/apt,279,3,93.0,30,44,2026-07-29,4.76,1,Single Listing,Luxury (>$250),337,4.39,https://www.airbnb.com/rooms/10143
10144,Boho Haven in DUMBO,1030,Charlotte,f,Standard Host,Brooklyn,DUMBO,40.69614,-73.9328,Entire home/apt,295,3,98.33,2,29,2026-04-22,0.81,2,Small Host (2-4),Luxury (>$250),123,4.44,https://www.airbnb.com/rooms/10144
10145,Rustic Room in Forest Hills,1337,Ava,t,Superhost,Queens,Forest Hills,40.71223,-73.77522,Entire home/apt,188,2,94.0,2,111,2026-05-12,6.66,1,Single Listing,Moderate ($100-$250),179,4.96,https://www.airbnb.com/rooms/10145
10146,Minimalist Apartment in Bushwick,1318,Michael,f,Standard Host,Brooklyn,Bushwick,40.69213,-73.9935,Private room,106,1,106.0,1,9,2026-07-10,0.25,1,Single Listing,Moderate ($100-$250),241,4.59,https://www.airbnb.com/rooms/10146
10147,Sunny Room in Bedford-Stuyvesant,1315,Sophia,f,Standard Host,Brooklyn,Bedford-Stuyvesant,40.63583,-73.94142,Entire home/apt,279,3,93.0,3,4,2026-05-26,0.34,1,Single Listing,Luxury (>$250),137,4.49,https://www.airbnb.com/rooms/10147
10148,Luxury Apartment in Greenwich Village,1024,Olivia,f,Standard Host,Manhattan,Greenwich Village,40.77885,-73.98829,Entire home/apt,294,3,98.0,1,31,2026-05-10,1.5,1,Single Listing,Luxury (>$250),216,4.56,https://www.airbnb.com/rooms/10148
10149,Boho Studio in Midtown,1334,Sarah,t,Superhost,Manhattan,Midtown,40.77281,-73.9777,Entire home/apt,363,4,90.75,1,83,2026-07-25,4.29,1,Single Listing,Luxury (>$250),88,4.99,https://www.airbnb.com/rooms/10149
10150,Luxury Haven in East Village,1071,Sophia,f,Standard Host,Manhattan,East Village,40.75541,-73.97949,Private room,109,1,109.0,1,9,2026-05-21,0.75,1,Single Listing,Moderate ($100-$250),30,4.48,https://www.airbnb.com/rooms/10150
10151,Boho Penthouse in Midtown,1294,Mia,t,Superhost,Manhattan,Midtown,40.79171,-73.97051,Entire home/apt,194,2,97.0,1,43,2026-07-21,4.78,1,Single Listing,Moderate ($100-$250),158,4.96,https://www.airbnb.com/rooms/10151
10152,Minimalist Apartment in Bushwick,1071,Jessica,t,Superhost,Brooklyn,Bushwick,40.67525,-73.90936,Entire home/apt,320,6,53.33,2,99,2026-05-23,3.19,1,Single Listing,Luxury (>$250),225,4.96,https://www.airbnb.com/rooms/10152
10153,Rustic Flat in Midtown,1303,Mia,f,Standard Host,Manhattan,Midtown,40.82142,-73.97566,Entire home/apt,341,4,85.25,3,21,2026-07-10,1.52,2,Small Host (2-4),Luxury (>$250),278,4.5,https://www.airbnb.com/rooms/10153
10154,Spacious Haven in SoHo,1222,Emily,f,Standard Host,Manhattan,SoHo,40.80085,-74.00152,Private room,130,2,65.0,2,41,2026-06-20,1.2,3,Small Host (2-4),Moderate ($100-$250),263,4.47,https://www.airbnb.com/rooms/10154
10155,Minimalist Flat in SoHo,1330,Liam,f,Standard Host,Manhattan,SoHo,40.78942,-73.9724,Entire home/apt,161,2,80.5,2,26,2026-07-01,2.86,2,Small Host (2-4),Moderate ($100-$250),10,4.44,https://www.airbnb.com/rooms/10155
10156,Sunny Room in Fordham,1234,Carlos,t,Superhost,Bronx,Fordham,40.85394,-73.84498,Private room,42,1,42.0,4,54,2026-07-25,1.97,1,Single Listing,Budget (<$100),123,4.95,https://www.airbnb.com/rooms/10156
10157,Rustic Retreat in Greenpoint,1072,Sophia,t,Superhost,Brooklyn,Greenpoint,40.67593,-73.95151,Entire home/apt,313,4,78.25,2,66,2026-04-14,1.95,1,Single Listing,Luxury (>$250),240,4.99,https://www.airbnb.com/rooms/10157
10158,Sunny Room in Hell's Kitchen,1222,Ethan,f,Standard Host,Manhattan,Hell's Kitchen,40.82574,-73.93856,Private room,140,2,70.0,30,36,2026-07-03,1.7,1,Single Listing,Moderate ($100-$250),137,4.34,https://www.airbnb.com/rooms/10158
10159,Bright Penthouse in Bedford-Stuyvesant,1263,Olivia,f,Standard Host,Brooklyn,Bedford-Stuyvesant,40.70014,-73.91828,Private room,74,2,37.0,30,33,2026-05-19,3.31,1,Single Listing,Budget (<$100),101,4.33,https://www.airbnb.com/rooms/10159
10160,Stunning Loft in Greenpoint,1214,Ava,t,Superhost,Brooklyn,Greenpoint,40.7158,-73.97476,Private room,90,2,45.0,1,111,2026-05-23,3.56,1,Single Listing,Budget (<$100),287,4.97,https://www.airbnb.com/rooms/10160
10161,Rustic Suite in Cobble Hill,1122,Noah,f,Standard Host,Brooklyn,Cobble Hill,40.7054,-73.97511,Private room,83,2,41.5,3,19,2026-05-20,0.57,1,Single Listing,Budget (<$100),311,4.29,https://www.airbnb.com/rooms/10161
10162,Boho Room in Crown Heights,1096,Jessica,f,Standard Host,Brooklyn,Crown Heights,40.71412,-73.94848,Private room,115,1,115.0,2,4,2026-02-24,0.56,1,Single Listing,Moderate ($100-$250),330,4.43,https://www.airbnb.com/rooms/10162
10163,Boho Studio in Cobble Hill,1113,Jessica,f,Standard Host,Brooklyn,Cobble Hill,40.65071,-73.91014,Entire home/apt,253,5,50.6,2,23,2026-06-05,0.67,2,Small Host (2-4),Luxury (>$250),297,4.55,https://www.airbnb.com/rooms/10163
10164,Boho Suite in SoHo,1319,Emily,f,Standard Host,Manhattan,SoHo,40.80418,-74.01204,Private room,178,2,89.0,2,19,2026-04-26,1.1,1,Single Listing,Moderate ($100-$250),32,4.22,https://www.airbnb.com/rooms/10164
10165,Bright Penthouse in East Village,1276,Ava,t,Superhost,Manhattan,East Village,40.79457,-73.97507,Shared room,63,1,63.0,7,126,2026-05-31,4.31,1,Single Listing,Budget (<$100),88,4.9,https://www.airbnb.com/rooms/10165
10166,Minimalist Haven in East Village,1295,Emily,f,Standard Host,Manhattan,East Village,40.75286,-73.93768,Private room,170,2,85.0,3,26,2026-07-12,1.23,1,Single Listing,Moderate ($100-$250),320,4.25,https://www.airbnb.com/rooms/10166
10167,Boho Retreat in Midtown,1201,Ava,t,Superhost,Manhattan,Midtown,40.75873,-73.96718,Entire home/apt,273,4,68.25,1,88,2026-07-27,3.92,1,Single Listing,Luxury (>$250),186,4.91,https://www.airbnb.com/rooms/10167
10168,Boho Suite in Harlem,1093,Ethan,f,Standard Host,Manhattan,Harlem,40.82297,-73.96427,Entire home/apt,568,6,94.67,2,136,2026-05-16,15.2,1,Single Listing,Luxury (>$250),179,4.51,https://www.airbnb.com/rooms/10168
10169,Stunning Haven in Financial District,1169,Charlotte,f,Standard Host,Manhattan,Financial District,40.79497,-73.96563,Entire home/apt,384,4,96.0,2,68,2026-07-13,2.7,3,Small Host (2-4),Luxury (>$250),179,4.25,https://www.airbnb.com/rooms/10169
10170,Chic Haven in Upper West Side,1042,James,f,Standard Host,Manhattan,Upper West Side,40.80426,-73.98077,Private room,140,1,140.0,2,32,2026-03-12,1.35,3,Small Host (2-4),Moderate ($100-$250),288,4.42,https://www.airbnb.com/rooms/10170
10171,Modern Haven in Bedford-Stuyvesant,1149,David,f,Standard Host,Brooklyn,Bedford-Stuyvesant,40.66638,-73.93093,Private room,67,2,33.5,7,44,2026-07-21,2.27,3,Small Host (2-4),Budget (<$100),347,4.58,https://www.airbnb.com/rooms/10171
10172,Rustic Apartment in Mott Haven,1190,Emily,t,Superhost,Bronx,Mott Haven,40.85907,-73.8603,Entire home/apt,177,2,88.5,5,72,2026-04-17,3.33,1,Single Listing,Moderate ($100-$250),144,4.95,https://www.airbnb.com/rooms/10172
10173,Modern Penthouse in Greenwich Village,1265,James,t,Superhost,Manhattan,Greenwich Village,40.76381,-73.9494,Private room,115,3,38.33,3,127,2026-07-28,11.58,1,Single Listing,Moderate ($100-$250),118,4.95,https://www.airbnb.com/rooms/10173
10174,Charming Apartment in Bushwick,1059,Mia,f,Standard Host,Brooklyn,Bushwick,40.6758,-73.95791,Entire home/apt,147,3,49.0,7,37,2026-06-19,3.68,1,Single Listing,Moderate ($100-$250),85,4.56,https://www.airbnb.com/rooms/10174
10175,Rustic Flat in Park Slope,1339,Olivia,f,Standard Host,Brooklyn,Park Slope,40.65208,-73.96302,Entire home/apt,146,2,73.0,1,28,2026-06-20,1.13,4,Small Host (2-4),Moderate ($100-$250),185,4.41,https://www.airbnb.com/rooms/10175
10176,Minimalist Brownstone Unit in Greenwich Village,1259,Sophia,f,Standard Host,Manhattan,Greenwich Village,40.76909,-73.97841,Entire home/apt,330,4,82.5,7,12,2026-05-29,1.36,2,Small Host (2-4),Luxury (>$250),286,4.45,https://www.airbnb.com/rooms/10176
10177,Spacious Retreat in Greenpoint,1247,Liam,t,Superhost,Brooklyn,Greenpoint,40.70551,-73.97157,Entire home/apt,401,5,80.2,3,81,2026-08-01,5.9,1,Single Listing,Luxury (>$250),13,4.93,https://www.airbnb.com/rooms/10177
10178,Rustic Penthouse in Chelsea,1080,Sophia,f,Standard Host,Manhattan,Chelsea,40.76225,-73.97784,Entire home/apt,223,2,111.5,2,21,2026-07-05,1.03,12,Multi-Listing Host (5+),Moderate ($100-$250),139,4.5,https://www.airbnb.com/rooms/10178
10179,Quiet Loft in Park Slope,1118,Benjamin,f,Standard Host,Brooklyn,Park Slope,40.67382,-73.99313,Private room,131,3,43.67,5,63,2026-04-26,2.51,4,Small Host (2-4),Moderate ($100-$250),251,4.61,https://www.airbnb.com/rooms/10179
10180,Cozy Penthouse in Chelsea,1206,Charlotte,f,Standard Host,Manhattan,Chelsea,40.79714,-73.99007,Private room,196,1,196.0,3,29,2026-06-20,0.98,1,Single Listing,Moderate ($100-$250),324,4.5,https://www.airbnb.com/rooms/10180
10181,Quiet Flat in Midtown,1205,Elena,f,Standard Host,Manhattan,Midtown,40.79153,-73.9725,Entire home/apt,301,3,100.33,1,49,2026-04-22,2.98,1,Single Listing,Luxury (>$250),109,4.44,https://www.airbnb.com/rooms/10181
10182,Cozy Haven in Harlem,1151,Carlos,f,Standard Host,Manhattan,Harlem,40.78645,-73.97912,Entire home/apt,324,5,64.8,2,70,2026-01-18,2.44,3,Small Host (2-4),Luxury (>$250),245,4.46,https://www.airbnb.com/rooms/10182
10183,Bright Suite in East Village,1118,Carlos,f,Standard Host,Manhattan,East Village,40.75699,-73.9475,Entire home/apt,174,3,58.0,1,16,2026-07-10,1.41,1,Single Listing,Moderate ($100-$250),303,4.49,https://www.airbnb.com/rooms/10183
10184,Rustic Room in Crown Heights,1118,Daniel,f,Standard Host,Brooklyn,Crown Heights,40.66957,-73.94243,Entire home/apt,259,5,51.8,2,21,2026-04-10,0.6,1,Single Listing,Luxury (>$250),171,4.64,https://www.airbnb.com/rooms/10184
10185,Sunny Flat in Cobble Hill,1028,Noah,f,Standard Host,Brooklyn,Cobble Hill,40.67485,-73.9268,Private room,62,2,31.0,1,23,2026-08-01,0.86,1,Single Listing,Budget (<$100),307,4.31,https://www.airbnb.com/rooms/10185
10186,Minimalist Suite in Long Island City,1314,Carlos,t,Superhost,Queens,Long Island City,40.71922,-73.81595,Entire home/apt,144,3,48.0,1,53,2026-06-11,5.34,2,Small Host (2-4),Moderate ($100-$250),61,4.97,https://www.airbnb.com/rooms/10186
10187,Boho Loft in Park Slope,1243,Alex,t,Superhost,Brooklyn,Park Slope,40.69311,-73.9019,Private room,212,2,106.0,1,76,2026-05-23,4.23,1,Single Listing,Moderate ($100-$250),140,4.95,https://www.airbnb.com/rooms/10187
10188,Stunning Loft in Greenpoint,1132,Elena,t,Superhost,Brooklyn,Greenpoint,40.67684,-73.94565,Private room,149,1,149.0,3,127,2026-07-06,4.32,2,Small Host (2-4),Moderate ($100-$250),259,4.92,https://www.airbnb.com/rooms/10188
10189,Chic Haven in Upper West Side,1328,Carlos,f,Standard Host,Manhattan,Upper West Side,40.7343,-73.95989,Private room,73,2,36.5,4,7,2026-03-23,0.39,2,Small Host (2-4),Budget (<$100),195,4.34,https://www.airbnb.com/rooms/10189
10190,Quiet Room in Harlem,1129,Michael,t,Superhost,Manhattan,Harlem,40.80766,-73.9649,Entire home/apt,294,3,98.0,3,43,2026-07-26,1.2,2,Small Host (2-4),Luxury (>$250),53,4.9,https://www.airbnb.com/rooms/10190
10191,Quiet Retreat in Upper West Side,1088,Alex,t,Superhost,Manhattan,Upper West Side,40.77336,-73.96756,Private room,291,1,291.0,2,72,2026-06-09,3.25,3,Small Host (2-4),Luxury (>$250),335,4.99,https://www.airbnb.com/rooms/10191
10192,Rustic Suite in Cobble Hill,1046,Benjamin,t,Superhost,Brooklyn,Cobble Hill,40.65284,-73.95265,Private room,145,2,72.5,1,76,2026-05-09,3.66,2,Small Host (2-4),Moderate ($100-$250),230,4.93,https://www.airbnb.com/rooms/10192
10193,Charming Loft in Ridgewood,1203,Emily,t,Superhost,Queens,Ridgewood,40.70653,-73.77286,Private room,56,2,28.0,2,57,2026-04-24,2.02,1,Single Listing,Budget (<$100),45,4.91,https://www.airbnb.com/rooms/10193
10194,Stunning Penthouse in Brooklyn Heights,1010,David,t,Superhost,Brooklyn,Brooklyn Heights,40.69377,-73.94904,Entire home/apt,373,3,124.33,2,51,2026-06-22,4.85,2,Small Host (2-4),Luxury (>$250),169,4.9,https://www.airbnb.com/rooms/10194
10195,Bright Loft in Williamsburg,1029,James,f,Standard Host,Brooklyn,Williamsburg,40.65494,-73.90204,Shared room,39,1,39.0,3,78,2026-06-27,2.68,1,Single Listing,Budget (<$100),27,4.41,https://www.airbnb.com/rooms/10195
10196,Luxury Studio in Crown Heights,1166,Jessica,f,Standard Host,Brooklyn,Crown Heights,40.68125,-73.98146,Entire home/apt,218,2,109.0,1,16,2026-07-22,1.02,1,Single Listing,Moderate ($100-$250),71,4.55,https://www.airbnb.com/rooms/10196
10197,Stunning Suite in Concourse,1191,Michael,t,Superhost,Bronx,Concourse,40.84954,-73.88701,Private room,49,2,24.5,3,38,2026-06-13,2.45,2,Small Host (2-4),Budget (<$100),187,4.98,https://www.airbnb.com/rooms/10197
10198,Charming Room in Greenwich Village,1249,Benjamin,f,Standard Host,Manhattan,Greenwich Village,40.76637,-73.97796,Private room,160,2,80.0,1,29,2026-04-05,1.21,1,Single Listing,Moderate ($100-$250),281,4.47,https://www.airbnb.com/rooms/10198
10199,Chic Loft in Brooklyn Heights,1095,Alex,f,Standard Host,Brooklyn,Brooklyn Heights,40.71384,-73.94404,Entire home/apt,159,3,53.0,2,6,2026-07-13,0.56,1,Single Listing,Moderate ($100-$250),174,4.44,https://www.airbnb.com/rooms/10199
10200,Spacious Haven in Harlem,1099,Emma,t,Superhost,Manhattan,Harlem,40.77104,-73.96901,Entire home/apt,368,4,92.0,7,66,2026-08-01,2.4,1,Single Listing,Luxury (>$250),345,4.99,https://www.airbnb.com/rooms/10200
10201,Spacious Flat in Astoria,1189,Sarah,f,Standard Host,Queens,Astoria,40.69643,-73.75695,Private room,72,1,72.0,1,18,2026-06-04,1.34,1,Single Listing,Budget (<$100),295,4.57,https://www.airbnb.com/rooms/10201
10202,Sunny Flat in Hell's Kitchen,1093,Ava,f,Standard Host,Manhattan,Hell's Kitchen,40.78503,-73.9774,Entire home/apt,207,3,69.0,4,11,2026-07-05,0.7,2,Small Host (2-4),Moderate ($100-$250),230,4.5,https://www.airbnb.com/rooms/10202
10203,Chic Retreat in Tribeca,1131,Elena,f,Standard Host,Manhattan,Tribeca,40.79076,-73.938,Private room,88,2,44.0,3,31,2026-04-20,4.66,4,Small Host (2-4),Budget (<$100),151,4.51,https://www.airbnb.com/rooms/10203
10204,Spacious Flat in Bedford-Stuyvesant,1136,Elena,f,Standard Host,Brooklyn,Bedford-Stuyvesant,40.70245,-73.92116,Entire home/apt,248,2,124.0,2,16,2026-06-23,1.02,2,Small Host (2-4),Moderate ($100-$250),305,4.54,https://www.airbnb.com/rooms/10204
10205,Modern Studio in Williamsburg,1029,Carlos,t,Superhost,Brooklyn,Williamsburg,40.67426,-73.97672,Entire home/apt,125,5,25.0,1,89,2026-06-16,12.3,2,Small Host (2-4),Moderate ($100-$250),267,4.94,https://www.airbnb.com/rooms/10205
10206,Luxury Haven in Park Slope,1047,Emily,f,Standard Host,Brooklyn,Park Slope,40.70339,-73.90309,Private room,84,2,42.0,3,10,2026-06-28,0.56,1,Single Listing,Budget (<$100),79,4.43,https://www.airbnb.com/rooms/10206
10207,Minimalist Haven in Financial District,1127,Emily,t,Superhost,Manhattan,Financial District,40.79229,-73.9451,Private room,112,2,56.0,30,42,2026-07-11,6.24,2,Small Host (2-4),Moderate ($100-$250),325,4.97,https://www.airbnb.com/rooms/10207
10208,Minimalist Room in Brooklyn Heights,1192,David,f,Standard Host,Brooklyn,Brooklyn Heights,40.72904,-73.89986,Entire home/apt,239,6,39.83,2,89,2026-07-18,13.32,1,Single Listing,Moderate ($100-$250),114,4.47,https://www.airbnb.com/rooms/10208
10209,Boho Brownstone Unit in Bedford-Stuyvesant,1340,Noah,t,Superhost,Brooklyn,Bedford-Stuyvesant,40.66564,-73.97915,Entire home/apt,201,2,100.5,7,85,2026-05-29,2.69,1,Single Listing,Moderate ($100-$250),19,4.96,https://www.airbnb.com/rooms/10209
10210,Chic Room in Greenwich Village,1249,Charlotte,f,Standard Host,Manhattan,Greenwich Village,40.81759,-74.00261,Private room,134,1,134.0,2,30,2026-07-07,2.8,1,Single Listing,Moderate ($100-$250),330,4.47,https://www.airbnb.com/rooms/10210
10211,Sunny Haven in Forest Hills,1016,Ava,f,Standard Host,Queens,Forest Hills,40.72677,-73.76525,Hotel room,126,2,63.0,2,10,2026-06-11,0.54,3,Small Host (2-4),Moderate ($100-$250),169,4.26,https://www.airbnb.com/rooms/10211
10212,Quiet Brownstone Unit in Crown Heights,1104,David,t,Superhost,Brooklyn,Crown Heights,40.69914,-73.96317,Private room,73,2,36.5,7,76,2026-07-10,7.96,2,Small Host (2-4),Budget (<$100),25,4.93,https://www.airbnb.com/rooms/10212
10213,Cozy Brownstone Unit in Upper West Side,1014,Charlotte,f,Standard Host,Manhattan,Upper West Side,40.79056,-73.96067,Entire home/apt,206,4,51.5,2,7,2026-07-03,0.61,1,Single Listing,Moderate ($100-$250),93,4.39,https://www.airbnb.com/rooms/10213
10214,Quiet Flat in Williamsburg,1344,Daniel,f,Standard Host,Brooklyn,Williamsburg,40.65635,-73.88956,Entire home/apt,135,2,67.5,1,130,2026-07-01,9.7,2,Small Host (2-4),Moderate ($100-$250),204,4.55,https://www.airbnb.com/rooms/10214
10215,Cozy Retreat in Concourse,1020,Noah,t,Superhost,Bronx,Concourse,40.82451,-73.87837,Private room,93,2,46.5,1,56,2026-07-12,1.92,1,Single Listing,Budget (<$100),160,4.95,https://www.airbnb.com/rooms/10215
10216,Boho Apartment in Sunnyside,1058,Jessica,f,Standard Host,Queens,Sunnyside,40.68547,-73.77907,Private room,45,3,15.0,2,48,2026-07-19,1.75,1,Single Listing,Budget (<$100),138,4.54,https://www.airbnb.com/rooms/10216
10217,Modern Loft in Bushwick,1044,Noah,f,Standard Host,Brooklyn,Bushwick,40.71108,-73.92299,Private room,150,2,75.0,3,11,2026-07-10,1.46,1,Single Listing,Moderate ($100-$250),238,4.55,https://www.airbnb.com/rooms/10217
10218,Modern Studio in Long Island City,1255,Mia,f,Standard Host,Queens,Long Island City,40.72179,-73.74383,Entire home/apt,137,2,68.5,2,36,2026-06-04,1.61,1,Single Listing,Moderate ($100-$250),116,4.4,https://www.airbnb.com/rooms/10218
10219,Charming Penthouse in Williamsburg,1309,Olivia,t,Superhost,Brooklyn,Williamsburg,40.68212,-73.93912,Private room,255,1,255.0,2,49,2026-05-10,1.4,1,Single Listing,Luxury (>$250),28,4.94,https://www.airbnb.com/rooms/10219
10220,Bright Room in Greenwich Village,1034,Olivia,f,Standard Host,Manhattan,Greenwich Village,40.82336,-73.9568,Private room,81,1,81.0,3,24,2026-07-27,1.1,4,Small Host (2-4),Budget (<$100),319,4.38,https://www.airbnb.com/rooms/10220
10221,Sunny Retreat in Greenpoint,1067,Charlotte,f,Standard Host,Brooklyn,Greenpoint,40.67622,-73.91155,Private room,71,2,35.5,30,12,2026-04-27,0.38,1,Single Listing,Budget (<$100),221,4.44,https://www.airbnb.com/rooms/10221
10222,Minimalist Studio in Long Island City,1035,Olivia,t,Superhost,Queens,Long Island City,40.70245,-73.77484,Entire home/apt,159,3,53.0,5,104,2026-07-20,3.36,4,Small Host (2-4),Moderate ($100-$250),255,4.94,https://www.airbnb.com/rooms/10222
10223,Cozy Penthouse in Brooklyn Heights,1172,Benjamin,f,Standard Host,Brooklyn,Brooklyn Heights,40.69376,-73.92119,Private room,90,2,45.0,2,18,2026-03-23,0.6,1,Single Listing,Budget (<$100),86,4.52,https://www.airbnb.com/rooms/10223
10224,Stunning Retreat in Tompkinsville,1158,Carlos,f,Standard Host,Staten Island,Tompkinsville,40.53209,-74.17261,Private room,45,1,45.0,1,7,2026-07-04,0.62,4,Small Host (2-4),Budget (<$100),113,4.49,https://www.airbnb.com/rooms/10224
10225,Cozy Flat in Hell's Kitchen,1248,Noah,t,Superhost,Manhattan,Hell's Kitchen,40.79267,-73.97771,Entire home/apt,347,3,115.67,1,35,2026-03-23,2.19,2,Small Host (2-4),Luxury (>$250),347,4.86,https://www.airbnb.com/rooms/10225
10226,Rustic Penthouse in Crown Heights,1164,Benjamin,f,Standard Host,Brooklyn,Crown Heights,40.66692,-73.95124,Entire home/apt,245,2,122.5,2,11,2026-04-26,0.32,1,Single Listing,Moderate ($100-$250),97,4.35,https://www.airbnb.com/rooms/10226
10227,Spacious Haven in Williamsburg,1055,Liam,t,Superhost,Brooklyn,Williamsburg,40.6975,-73.92363,Private room,132,2,66.0,2,82,2026-05-27,2.99,1,Single Listing,Moderate ($100-$250),248,4.97,https://www.airbnb.com/rooms/10227
10228,Stunning Apartment in Upper West Side,1119,Emily,t,Superhost,Manhattan,Upper West Side,40.80739,-73.9838,Entire home/apt,205,6,34.17,1,57,2026-06-22,3.62,1,Single Listing,Moderate ($100-$250),67,4.96,https://www.airbnb.com/rooms/10228
10229,Sunny Retreat in SoHo,1055,Carlos,f,Standard Host,Manhattan,SoHo,40.77483,-73.97757,Entire home/apt,261,2,130.5,2,37,2026-05-22,3.02,1,Single Listing,Luxury (>$250),232,4.42,https://www.airbnb.com/rooms/10229
10230,Boho Studio in Bedford-Stuyvesant,1294,Mia,t,Superhost,Brooklyn,Bedford-Stuyvesant,40.70452,-73.94945,Private room,95,2,47.5,5,62,2026-06-08,2.33,1,Single Listing,Budget (<$100),177,4.96,https://www.airbnb.com/rooms/10230
10231,Rustic Studio in Harlem,1001,David,f,Standard Host,Manhattan,Harlem,40.81593,-73.99932,Private room,122,2,61.0,3,26,2026-02-17,0.77,12,Multi-Listing Host (5+),Moderate ($100-$250),186,4.41,https://www.airbnb.com/rooms/10231
10232,Chic Suite in Cobble Hill,1190,Ava,f,Standard Host,Brooklyn,Cobble Hill,40.7116,-73.95496,Entire home/apt,221,2,110.5,3,34,2026-06-04,1.43,1,Single Listing,Moderate ($100-$250),217,4.59,https://www.airbnb.com/rooms/10232
10233,Rustic Apartment in Brooklyn Heights,1185,Sophia,t,Superhost,Brooklyn,Brooklyn Heights,40.69863,-73.91979,Private room,98,3,32.67,4,97,2026-06-26,5.25,4,Small Host (2-4),Budget (<$100),319,4.99,https://www.airbnb.com/rooms/10233
10234,Minimalist Room in Park Slope,1096,Sophia,f,Standard Host,Brooklyn,Park Slope,40.66643,-73.97009,Entire home/apt,176,4,44.0,1,30,2026-05-23,1.47,12,Multi-Listing Host (5+),Moderate ($100-$250),279,4.38,https://www.airbnb.com/rooms/10234
10235,Bright Flat in Bushwick,1323,Michael,f,Standard Host,Brooklyn,Bushwick,40.64426,-73.94922,Entire home/apt,130,3,43.33,1,2,2026-07-12,0.06,2,Small Host (2-4),Moderate ($100-$250),315,4.56,https://www.airbnb.com/rooms/10235
10236,Boho Haven in Hell's Kitchen,1150,Charlotte,t,Superhost,Manhattan,Hell's Kitchen,40.76988,-73.99421,Private room,128,2,64.0,3,46,2026-05-12,3.36,2,Small Host (2-4),Moderate ($100-$250),312,4.94,https://www.airbnb.com/rooms/10236
10237,Stunning Brownstone Unit in Harlem,1271,Sarah,t,Superhost,Manhattan,Harlem,40.78091,-73.94021,Entire home/apt,561,2,280.5,3,49,2026-07-07,1.75,1,Single Listing,Luxury (>$250),69,4.92,https://www.airbnb.com/rooms/10237
10238,Stunning Suite in Brooklyn Heights,1195,Liam,f,Standard Host,Brooklyn,Brooklyn Heights,40.72427,-73.94521,Private room,52,1,52.0,1,46,2026-07-14,2.87,1,Single Listing,Budget (<$100),345,4.24,https://www.airbnb.com/rooms/10238
10239,Bright Loft in Crown Heights,1161,Ava,t,Superhost,Brooklyn,Crown Heights,40.64087,-73.9489,Hotel room,359,2,179.5,1,77,2026-03-20,3.23,1,Single Listing,Luxury (>$250),316,4.93,https://www.airbnb.com/rooms/10239
10240,Cozy Brownstone Unit in Financial District,1290,Jessica,f,Standard Host,Manhattan,Financial District,40.79162,-73.95118,Private room,201,2,100.5,1,16,2026-07-09,0.55,1,Single Listing,Moderate ($100-$250),47,4.54,https://www.airbnb.com/rooms/10240
10241,Cozy Haven in Midtown,1036,Mia,f,Standard Host,Manhattan,Midtown,40.78121,-73.93464,Entire home/apt,199,2,99.5,1,8,2026-07-30,0.58,2,Small Host (2-4),Moderate ($100-$250),138,4.57,https://www.airbnb.com/rooms/10241
10242,Sunny Penthouse in Midtown,1169,Liam,f,Standard Host,Manhattan,Midtown,40.80109,-73.94423,Entire home/apt,239,3,79.67,2,25,2026-04-21,0.72,1,Single Listing,Moderate ($100-$250),300,4.48,https://www.airbnb.com/rooms/10242
10243,Boho Haven in Park Slope,1188,Ava,f,Standard Host,Brooklyn,Park Slope,40.75838,-73.91522,Private room,129,1,129.0,3,17,2026-07-26,0.96,1,Single Listing,Moderate ($100-$250),259,4.4,https://www.airbnb.com/rooms/10243
10244,Stunning Retreat in Bedford-Stuyvesant,1123,Mia,f,Standard Host,Brooklyn,Bedford-Stuyvesant,40.64268,-73.93867,Hotel room,229,5,45.8,1,42,2026-07-01,1.52,2,Small Host (2-4),Moderate ($100-$250),344,4.57,https://www.airbnb.com/rooms/10244
10245,Rustic Flat in Financial District,1251,Alex,f,Standard Host,Manhattan,Financial District,40.78393,-73.96351,Private room,233,3,77.67,5,10,2026-06-09,0.9,1,Single Listing,Moderate ($100-$250),64,4.18,https://www.airbnb.com/rooms/10245
10246,Sunny Retreat in Chelsea,1348,Liam,t,Superhost,Manhattan,Chelsea,40.79192,-74.00388,Hotel room,509,8,63.62,1,81,2026-07-25,5.04,1,Single Listing,Luxury (>$250),222,4.92,https://www.airbnb.com/rooms/10246
10247,Chic Haven in Chelsea,1324,Charlotte,t,Superhost,Manhattan,Chelsea,40.78825,-73.9738,Entire home/apt,377,2,188.5,1,26,2026-06-24,0.87,1,Single Listing,Luxury (>$250),83,4.97,https://www.airbnb.com/rooms/10247
10248,Charming Studio in Harlem,1256,Charlotte,f,Standard Host,Manhattan,Harlem,40.77747,-73.97546,Entire home/apt,278,4,69.5,1,62,2026-06-16,2.15,2,Small Host (2-4),Luxury (>$250),330,4.54,https://www.airbnb.com/rooms/10248
10249,Spacious Suite in Harlem,1091,Jessica,f,Standard Host,Manhattan,Harlem,40.76228,-74.01952,Entire home/apt,248,2,124.0,4,25,2026-07-21,0.74,1,Single Listing,Moderate ($100-$250),258,4.63,https://www.airbnb.com/rooms/10249
10250,Sunny Apartment in Greenpoint,1118,Emma,t,Superhost,Brooklyn,Greenpoint,40.66203,-73.98041,Private room,143,1,143.0,7,99,2026-07-23,3.03,1,Single Listing,Moderate ($100-$250),242,4.95,https://www.airbnb.com/rooms/10250
10251,Spacious Brownstone Unit in Crown Heights,1066,Sarah,f,Standard Host,Brooklyn,Crown Heights,40.63221,-73.99444,Entire home/apt,312,2,156.0,1,27,2026-06-06,1.07,3,Small Host (2-4),Luxury (>$250),293,4.39,https://www.airbnb.com/rooms/10251
10252,Chic Brownstone Unit in Sunnyside,1237,James,t,Superhost,Queens,Sunnyside,40.77253,-73.78132,Entire home/apt,129,3,43.0,30,69,2026-07-30,3.72,1,Single Listing,Moderate ($100-$250),268,4.86,https://www.airbnb.com/rooms/10252
10253,Sunny Haven in Bushwick,1007,Sophia,f,Standard Host,Brooklyn,Bushwick,40.66048,-73.93874,Private room,81,1,81.0,4,7,2026-06-26,1.04,1,Single Listing,Budget (<$100),217,4.23,https://www.airbnb.com/rooms/10253
10254,Sunny Haven in Williamsburg,1171,Noah,t,Superhost,Brooklyn,Williamsburg,40.71283,-73.93808,Private room,97,2,48.5,3,58,2026-02-08,7.59,1,Single Listing,Budget (<$100),36,4.85,https://www.airbnb.com/rooms/10254
10255,Spacious Penthouse in Greenpoint,1288,Daniel,t,Superhost,Brooklyn,Greenpoint,40.65406,-73.91731,Private room,65,1,65.0,2,99,2026-03-18,6.34,1,Single Listing,Budget (<$100),226,4.92,https://www.airbnb.com/rooms/10255
10256,Stunning Apartment in Hell's Kitchen,1273,Ava,f,Standard Host,Manhattan,Hell's Kitchen,40.77597,-74.00882,Entire home/apt,294,3,98.0,1,21,2026-07-28,0.6,2,Small Host (2-4),Luxury (>$250),67,4.51,https://www.airbnb.com/rooms/10256
10257,Boho Retreat in Ridgewood,1350,Ava,f,Standard Host,Queens,Ridgewood,40.73434,-73.79681,Entire home/apt,82,3,27.33,3,3,2026-06-11,0.19,1,Single Listing,Budget (<$100),177,4.09,https://www.airbnb.com/rooms/10257
10258,Spacious Studio in Sunnyside,1157,Jessica,f,Standard Host,Queens,Sunnyside,40.75181,-73.83239,Private room,71,1,71.0,1,22,2026-07-20,1.0,1,Single Listing,Budget (<$100),88,4.37,https://www.airbnb.com/rooms/10258
10259,Sunny Room in Tompkinsville,1018,Carlos,f,Standard Host,Staten Island,Tompkinsville,40.55712,-74.14148,Entire home/apt,45,2,22.5,30,32,2026-07-22,0.95,8,Multi-Listing Host (5+),Budget (<$100),289,4.16,https://www.airbnb.com/rooms/10259
10260,Luxury Room in DUMBO,1342,David,f,Standard Host,Brooklyn,DUMBO,40.69988,-73.90308,Hotel room,201,4,50.25,3,9,2026-07-09,0.54,1,Single Listing,Moderate ($100-$250),109,4.27,https://www.airbnb.com/rooms/10260
10261,Spacious Suite in East Village,1045,Noah,f,Standard Host,Manhattan,East Village,40.76201,-73.97639,Private room,99,2,49.5,2,5,2026-07-07,0.79,3,Small Host (2-4),Budget (<$100),238,4.46,https://www.airbnb.com/rooms/10261
10262,Quiet Apartment in Brooklyn Heights,1084,Sophia,f,Standard Host,Brooklyn,Brooklyn Heights,40.66013,-73.94558,Entire home/apt,139,3,46.33,1,76,2026-07-04,3.2,4,Small Host (2-4),Moderate ($100-$250),337,4.44,https://www.airbnb.com/rooms/10262
10263,Stunning Suite in Bedford-Stuyvesant,1252,Sarah,f,Standard Host,Brooklyn,Bedford-Stuyvesant,40.69301,-73.89934,Entire home/apt,140,3,46.67,3,54,2026-07-25,2.15,1,Single Listing,Moderate ($100-$250),157,4.54,https://www.airbnb.com/rooms/10263
10264,Cozy Room in Upper West Side,1186,Ethan,f,Standard Host,Manhattan,Upper West Side,40.77119,-74.02427,Private room,144,2,72.0,2,16,2026-07-23,0.68,1,Single Listing,Moderate ($100-$250),79,4.63,https://www.airbnb.com/rooms/10264
10265,Sunny Haven in SoHo,1040,Noah,t,Superhost,Manhattan,SoHo,40.79894,-73.9662,Private room,166,2,83.0,1,50,2026-07-07,2.27,1,Single Listing,Moderate ($100-$250),80,4.91,https://www.airbnb.com/rooms/10265
10266,Bright Penthouse in Harlem,1097,Ava,f,Standard Host,Manhattan,Harlem,40.75619,-73.96193,Entire home/apt,334,5,66.8,7,31,2026-04-21,3.74,1,Single Listing,Luxury (>$250),255,4.58,https://www.airbnb.com/rooms/10266
10267,Cozy Retreat in Hell's Kitchen,1176,Jessica,f,Standard Host,Manhattan,Hell's Kitchen,40.80386,-73.98844,Private room,153,1,153.0,4,14,2026-05-04,1.68,1,Single Listing,Moderate ($100-$250),31,4.3,https://www.airbnb.com/rooms/10267
10268,Minimalist Studio in Brooklyn Heights,1342,Alex,f,Standard Host,Brooklyn,Brooklyn Heights,40.66191,-73.93019,Entire home/apt,239,5,47.8,2,21,2026-07-16,0.75,2,Small Host (2-4),Moderate ($100-$250),60,4.59,https://www.airbnb.com/rooms/10268
10269,Spacious Retreat in Crown Heights,1003,Emma,f,Standard Host,Brooklyn,Crown Heights,40.69316,-73.94762,Private room,118,3,39.33,2,48,2026-06-19,2.56,1,Single Listing,Moderate ($100-$250),170,4.33,https://www.airbnb.com/rooms/10269
10270,Quiet Haven in SoHo,1168,Mia,t,Superhost,Manhattan,SoHo,40.76485,-73.97836,Entire home/apt,221,2,110.5,1,83,2026-05-25,4.09,2,Small Host (2-4),Moderate ($100-$250),261,4.99,https://www.airbnb.com/rooms/10270
10271,Quiet Haven in Bushwick,1053,Jessica,t,Superhost,Brooklyn,Bushwick,40.69655,-73.92714,Private room,84,3,28.0,2,118,2026-06-01,3.98,2,Small Host (2-4),Budget (<$100),253,4.93,https://www.airbnb.com/rooms/10271
10272,Boho Haven in Bedford-Stuyvesant,1255,Emily,f,Standard Host,Brooklyn,Bedford-Stuyvesant,40.70673,-73.94285,Entire home/apt,169,2,84.5,4,6,2026-05-10,0.72,1,Single Listing,Moderate ($100-$250),248,4.44,https://www.airbnb.com/rooms/10272
10273,Boho Retreat in DUMBO,1010,Sarah,f,Standard Host,Brooklyn,DUMBO,40.63428,-73.9562,Private room,124,2,62.0,2,4,2026-05-07,0.23,2,Small Host (2-4),Moderate ($100-$250),261,4.49,https://www.airbnb.com/rooms/10273
10274,Spacious Brownstone Unit in Brooklyn Heights,1135,Mia,f,Standard Host,Brooklyn,Brooklyn Heights,40.69681,-73.95768,Entire home/apt,185,3,61.67,2,45,2026-04-24,2.65,1,Single Listing,Moderate ($100-$250),330,4.38,https://www.airbnb.com/rooms/10274
10275,Stunning Loft in SoHo,1121,Olivia,f,Standard Host,Manhattan,SoHo,40.7773,-73.96762,Entire home/apt,389,6,64.83,2,19,2026-07-04,0.53,1,Single Listing,Luxury (>$250),303,4.45,https://www.airbnb.com/rooms/10275
10276,Rustic Loft in Crown Heights,1174,Jessica,f,Standard Host,Brooklyn,Crown Heights,40.68673,-73.9594,Private room,133,1,133.0,30,25,2026-07-30,1.71,2,Small Host (2-4),Moderate ($100-$250),215,4.37,https://www.airbnb.com/rooms/10276
10277,Chic Apartment in Bushwick,1272,Mia,f,Standard Host,Brooklyn,Bushwick,40.66146,-73.9551,Private room,167,1,167.0,2,30,2026-05-27,1.4,1,Single Listing,Moderate ($100-$250),19,4.5,https://www.airbnb.com/rooms/10277
10278,Spacious Suite in Crown Heights,1138,Ava,f,Standard Host,Brooklyn,Crown Heights,40.69978,-73.96897,Private room,53,2,26.5,4,111,2026-05-11,8.4,1,Single Listing,Budget (<$100),232,4.56,https://www.airbnb.com/rooms/10278
10279,Modern Studio in Flushing,1308,Emily,f,Standard Host,Queens,Flushing,40.74752,-73.83358,Entire home/apt,149,2,74.5,1,74,2026-07-24,6.86,2,Small Host (2-4),Moderate ($100-$250),152,4.41,https://www.airbnb.com/rooms/10279
10280,Chic Flat in Pelham Bay,1161,Charlotte,t,Superhost,Bronx,Pelham Bay,40.85883,-73.86344,Private room,49,1,49.0,2,181,2026-07-16,5.79,4,Small Host (2-4),Budget (<$100),266,4.96,https://www.airbnb.com/rooms/10280
10281,Stunning Suite in Concourse,1063,Carlos,t,Superhost,Bronx,Concourse,40.84433,-73.82324,Entire home/apt,76,4,19.0,7,55,2026-07-04,2.66,1,Single Listing,Budget (<$100),172,4.97,https://www.airbnb.com/rooms/10281
10282,Quiet Studio in Riverdale,1011,Charlotte,t,Superhost,Bronx,Riverdale,40.86599,-73.88548,Private room,85,2,42.5,2,148,2026-05-24,4.47,3,Small Host (2-4),Budget (<$100),131,4.92,https://www.airbnb.com/rooms/10282
10283,Spacious Apartment in Sunnyside,1121,Olivia,t,Superhost,Queens,Sunnyside,40.78844,-73.82441,Entire home/apt,239,6,39.83,2,131,2026-06-24,3.83,2,Small Host (2-4),Moderate ($100-$250),180,4.86,https://www.airbnb.com/rooms/10283
10284,Bright Apartment in Cobble Hill,1281,Carlos,f,Standard Host,Brooklyn,Cobble Hill,40.66039,-73.92031,Private room,108,1,108.0,1,5,2026-07-10,0.2,1,Single Listing,Moderate ($100-$250),90,4.57,https://www.airbnb.com/rooms/10284
10285,Spacious Haven in Forest Hills,1069,James,t,Superhost,Queens,Forest Hills,40.66814,-73.75695,Entire home/apt,136,4,34.0,2,42,2026-07-31,6.34,1,Single Listing,Moderate ($100-$250),323,4.87,https://www.airbnb.com/rooms/10285
10286,Stunning Brownstone Unit in Harlem,1077,Michael,f,Standard Host,Manhattan,Harlem,40.79748,-73.9448,Private room,161,1,161.0,1,35,2026-07-17,1.68,1,Single Listing,Moderate ($100-$250),146,4.19,https://www.airbnb.com/rooms/10286
10287,Bright Brownstone Unit in Chelsea,1347,Daniel,f,Standard Host,Manhattan,Chelsea,40.73024,-74.00965,Entire home/apt,353,3,117.67,2,16,2026-07-24,2.54,2,Small Host (2-4),Luxury (>$250),213,4.46,https://www.airbnb.com/rooms/10287
10288,Chic Studio in DUMBO,1121,Mia,f,Standard Host,Brooklyn,DUMBO,40.69463,-73.9156,Entire home/apt,243,8,30.38,2,145,2026-07-11,5.9,1,Single Listing,Moderate ($100-$250),199,4.62,https://www.airbnb.com/rooms/10288
10289,Quiet Apartment in DUMBO,1240,David,t,Superhost,Brooklyn,DUMBO,40.69226,-73.91868,Entire home/apt,179,4,44.75,1,61,2026-03-15,3.23,1,Single Listing,Moderate ($100-$250),145,4.97,https://www.airbnb.com/rooms/10289
10290,Stunning Loft in Hell's Kitchen,1337,Benjamin,t,Superhost,Manhattan,Hell's Kitchen,40.78945,-73.97022,Private room,130,1,130.0,2,55,2026-07-30,1.63,1,Single Listing,Moderate ($100-$250),297,4.95,https://www.airbnb.com/rooms/10290
10291,Rustic Loft in Jackson Heights,1146,Jessica,f,Standard Host,Queens,Jackson Heights,40.74483,-73.77259,Entire home/apt,165,4,41.25,30,44,2026-07-12,2.77,1,Single Listing,Moderate ($100-$250),72,4.49,https://www.airbnb.com/rooms/10291
10292,Cozy Room in Long Island City,1246,Benjamin,f,Standard Host,Queens,Long Island City,40.69353,-73.76213,Private room,68,1,68.0,4,43,2026-03-12,1.19,1,Single Listing,Budget (<$100),76,4.35,https://www.airbnb.com/rooms/10292
10293,Boho Loft in Midtown,1048,Liam,t,Superhost,Manhattan,Midtown,40.78212,-73.99636,Private room,167,1,167.0,7,66,2026-05-14,2.2,1,Single Listing,Moderate ($100-$250),318,4.98,https://www.airbnb.com/rooms/10293
10294,Chic Retreat in Ridgewood,1138,Ethan,f,Standard Host,Queens,Ridgewood,40.69819,-73.78481,Entire home/apt,195,2,97.5,3,25,2026-05-26,0.71,4,Small Host (2-4),Moderate ($100-$250),89,4.55,https://www.airbnb.com/rooms/10294
10295,Spacious Retreat in Hell's Kitchen,1077,David,f,Standard Host,Manhattan,Hell's Kitchen,40.74282,-73.95447,Entire home/apt,296,3,98.67,5,35,2026-05-17,1.76,1,Single Listing,Luxury (>$250),191,4.52,https://www.airbnb.com/rooms/10295
10296,Boho Loft in Hell's Kitchen,1043,Sophia,f,Standard Host,Manhattan,Hell's Kitchen,40.80423,-73.96577,Entire home/apt,361,2,180.5,1,36,2026-07-20,1.12,1,Single Listing,Luxury (>$250),319,4.54,https://www.airbnb.com/rooms/10296
10297,Luxury Studio in Williamsburg,1245,Benjamin,f,Standard Host,Brooklyn,Williamsburg,40.69064,-73.94374,Entire home/apt,318,6,53.0,1,29,2026-08-01,2.97,2,Small Host (2-4),Luxury (>$250),18,4.5,https://www.airbnb.com/rooms/10297
10298,Rustic Brownstone Unit in Harlem,1276,Daniel,t,Superhost,Manhattan,Harlem,40.77731,-73.98381,Private room,117,2,58.5,2,48,2026-07-31,2.34,1,Single Listing,Moderate ($100-$250),134,4.89,https://www.airbnb.com/rooms/10298
10299,Chic Loft in Midtown,1213,Mia,f,Standard Host,Manhattan,Midtown,40.8141,-73.94787,Entire home/apt,225,4,56.25,2,29,2026-05-18,1.41,1,Single Listing,Moderate ($100-$250),226,4.4,https://www.airbnb.com/rooms/10299
10300,Charming Brownstone Unit in Greenwich Village,1331,Elena,f,Standard Host,Manhattan,Greenwich Village,40.77755,-73.96355,Private room,124,2,62.0,7,11,2026-03-02,0.41,1,Single Listing,Moderate ($100-$250),346,4.44,https://www.airbnb.com/rooms/10300
10301,Spacious Penthouse in Fordham,1319,Daniel,t,Superhost,Bronx,Fordham,40.85502,-73.89918,Private room,51,2,25.5,5,52,2026-07-22,3.11,1,Single Listing,Budget (<$100),267,4.99,https://www.airbnb.com/rooms/10301
10302,Minimalist Flat in Crown Heights,1175,Elena,f,Standard Host,Brooklyn,Crown Heights,40.6668,-73.93127,Entire home/apt,237,5,47.4,4,34,2026-02-07,4.53,8,Multi-Listing Host (5+),Moderate ($100-$250),66,4.47,https://www.airbnb.com/rooms/10302
10303,Cozy Suite in Bushwick,1323,Emma,f,Standard Host,Brooklyn,Bushwick,40.68147,-73.95075,Entire home/apt,234,6,39.0,2,26,2026-04-10,2.57,2,Small Host (2-4),Moderate ($100-$250),222,4.44,https://www.airbnb.com/rooms/10303
10304,Stunning Apartment in Sunnyside,1191,Sophia,t,Superhost,Queens,Sunnyside,40.749,-73.81421,Entire home/apt,221,4,55.25,7,48,2026-06-26,2.63,4,Small Host (2-4),Moderate ($100-$250),195,4.89,https://www.airbnb.com/rooms/10304
10305,Cozy Room in Cobble Hill,1085,Sophia,t,Superhost,Brooklyn,Cobble Hill,40.68807,-73.94785,Entire home/apt,175,5,35.0,2,86,2026-06-14,3.25,3,Small Host (2-4),Moderate ($100-$250),170,4.97,https://www.airbnb.com/rooms/10305
10306,Chic Room in Ridgewood,1106,Ava,f,Standard Host,Queens,Ridgewood,40.69189,-73.75403,Entire home/apt,104,4,26.0,2,26,2026-06-16,3.05,1,Single Listing,Moderate ($100-$250),74,4.4,https://www.airbnb.com/rooms/10306
10307,Cozy Haven in Tribeca,1082,Alex,t,Superhost,Manhattan,Tribeca,40.7601,-73.97896,Private room,128,2,64.0,1,105,2026-05-30,14.13,1,Single Listing,Moderate ($100-$250),162,4.91,https://www.airbnb.com/rooms/10307
10308,Sunny Haven in Chelsea,1322,Ava,f,Standard Host,Manhattan,Chelsea,40.77494,-73.95072,Private room,51,1,51.0,2,18,2026-07-26,0.64,2,Small Host (2-4),Budget (<$100),108,4.59,https://www.airbnb.com/rooms/10308
10309,Modern Retreat in Greenwich Village,1067,Mia,t,Superhost,Manhattan,Greenwich Village,40.78701,-73.97849,Entire home/apt,290,2,145.0,3,79,2026-02-05,2.96,2,Small Host (2-4),Luxury (>$250),223,4.94,https://www.airbnb.com/rooms/10309
10310,Modern Flat in Hell's Kitchen,1061,Daniel,f,Standard Host,Manhattan,Hell's Kitchen,40.7649,-73.94973,Private room,206,1,206.0,1,11,2026-07-04,0.73,2,Small Host (2-4),Moderate ($100-$250),24,4.42,https://www.airbnb.com/rooms/10310
10311,Boho Haven in DUMBO,1251,Alex,t,Superhost,Brooklyn,DUMBO,40.69156,-73.95538,Private room,138,1,138.0,2,81,2026-05-07,3.35,2,Small Host (2-4),Moderate ($100-$250),245,4.96,https://www.airbnb.com/rooms/10311
10312,Spacious Retreat in SoHo,1199,Emily,f,Standard Host,Manhattan,SoHo,40.76798,-73.94749,Private room,180,1,180.0,4,5,2026-06-03,0.74,1,Single Listing,Moderate ($100-$250),168,4.58,https://www.airbnb.com/rooms/10312
10313,Cozy Haven in Financial District,1268,Daniel,f,Standard Host,Manhattan,Financial District,40.75058,-73.97995,Shared room,123,2,61.5,2,32,2026-07-27,1.37,1,Single Listing,Moderate ($100-$250),174,4.25,https://www.airbnb.com/rooms/10313
10314,Quiet Penthouse in Astoria,1271,Carlos,f,Standard Host,Queens,Astoria,40.73334,-73.80504,Entire home/apt,163,2,81.5,1,17,2026-05-19,1.49,1,Single Listing,Moderate ($100-$250),60,4.62,https://www.airbnb.com/rooms/10314
10315,Charming Flat in East Village,1122,Mia,f,Standard Host,Manhattan,East Village,40.79712,-73.96646,Private room,180,2,90.0,4,19,2026-07-26,0.81,2,Small Host (2-4),Moderate ($100-$250),343,4.64,https://www.airbnb.com/rooms/10315
10316,Quiet Penthouse in East Village,1073,Elena,f,Standard Host,Manhattan,East Village,40.77814,-73.9578,Private room,98,1,98.0,1,15,2026-03-02,1.92,3,Small Host (2-4),Budget (<$100),138,4.26,https://www.airbnb.com/rooms/10316
10317,Boho Penthouse in Long Island City,1274,Ethan,t,Superhost,Queens,Long Island City,40.69736,-73.81318,Entire home/apt,126,2,63.0,3,97,2026-02-08,2.98,1,Single Listing,Moderate ($100-$250),241,4.96,https://www.airbnb.com/rooms/10317
10318,Sunny Brownstone Unit in Hell's Kitchen,1069,Alex,f,Standard Host,Manhattan,Hell's Kitchen,40.74738,-73.95394,Private room,128,1,128.0,7,34,2026-06-16,1.33,2,Small Host (2-4),Moderate ($100-$250),237,4.59,https://www.airbnb.com/rooms/10318
10319,Bright Flat in Flushing,1005,Emma,f,Standard Host,Queens,Flushing,40.68477,-73.75745,Private room,50,3,16.67,2,3,2026-06-22,0.23,1,Single Listing,Budget (<$100),153,4.44,https://www.airbnb.com/rooms/10319
10320,Bright Room in Chelsea,1143,Ethan,f,Standard Host,Manhattan,Chelsea,40.78793,-73.94281,Entire home/apt,281,2,140.5,7,13,2026-07-24,0.46,3,Small Host (2-4),Luxury (>$250),126,4.56,https://www.airbnb.com/rooms/10320
10321,Luxury Studio in Midtown,1130,Ava,f,Standard Host,Manhattan,Midtown,40.8138,-73.97275,Private room,86,1,86.0,2,42,2026-06-21,1.95,3,Small Host (2-4),Budget (<$100),32,4.45,https://www.airbnb.com/rooms/10321
10322,Luxury Loft in Greenwich Village,1172,Michael,f,Standard Host,Manhattan,Greenwich Village,40.79632,-73.98828,Entire home/apt,278,5,55.6,4,47,2026-07-31,2.48,3,Small Host (2-4),Luxury (>$250),181,4.38,https://www.airbnb.com/rooms/10322
10323,Spacious Studio in Greenpoint,1122,Michael,f,Standard Host,Brooklyn,Greenpoint,40.7012,-73.98452,Entire home/apt,208,4,52.0,2,36,2026-06-28,1.07,1,Single Listing,Moderate ($100-$250),330,4.59,https://www.airbnb.com/rooms/10323
10324,Luxury Loft in DUMBO,1211,Emily,f,Standard Host,Brooklyn,DUMBO,40.64331,-73.92932,Private room,70,2,35.0,1,40,2026-05-26,1.57,1,Single Listing,Budget (<$100),274,4.4,https://www.airbnb.com/rooms/10324
10325,Cozy Retreat in Financial District,1294,David,f,Standard Host,Manhattan,Financial District,40.77697,-73.9973,Private room,84,1,84.0,2,26,2026-07-23,0.89,1,Single Listing,Budget (<$100),185,4.48,https://www.airbnb.com/rooms/10325
10326,Rustic Room in Bedford-Stuyvesant,1028,Sophia,t,Superhost,Brooklyn,Bedford-Stuyvesant,40.69732,-73.91637,Private room,124,3,41.33,7,87,2026-05-23,4.35,8,Multi-Listing Host (5+),Moderate ($100-$250),299,4.94,https://www.airbnb.com/rooms/10326
10327,Cozy Retreat in Harlem,1254,Emily,f,Standard Host,Manhattan,Harlem,40.81542,-73.94618,Private room,120,2,60.0,1,14,2026-04-19,0.78,1,Single Listing,Moderate ($100-$250),15,4.37,https://www.airbnb.com/rooms/10327
10328,Minimalist Loft in Upper West Side,1185,Sarah,f,Standard Host,Manhattan,Upper West Side,40.76209,-73.9975,Private room,166,1,166.0,5,17,2026-07-26,1.23,1,Single Listing,Moderate ($100-$250),80,4.52,https://www.airbnb.com/rooms/10328
10329,Rustic Suite in Chelsea,1339,Jessica,f,Standard Host,Manhattan,Chelsea,40.77807,-73.95726,Private room,285,3,95.0,1,10,2025-12-18,0.42,2,Small Host (2-4),Luxury (>$250),33,4.52,https://www.airbnb.com/rooms/10329
10330,Bright Penthouse in Flushing,1144,David,f,Standard Host,Queens,Flushing,40.7273,-73.78832,Entire home/apt,100,8,12.5,2,7,2026-06-20,0.28,1,Single Listing,Moderate ($100-$250),247,4.47,https://www.airbnb.com/rooms/10330
10331,Sunny Suite in Brooklyn Heights,1206,Ethan,f,Standard Host,Brooklyn,Brooklyn Heights,40.67194,-73.97274,Entire home/apt,270,2,135.0,4,15,2026-07-27,1.1,1,Single Listing,Luxury (>$250),161,4.55,https://www.airbnb.com/rooms/10331
10332,Luxury Loft in Brooklyn Heights,1222,Sophia,t,Superhost,Brooklyn,Brooklyn Heights,40.66138,-73.96677,Entire home/apt,224,3,74.67,2,58,2026-06-21,3.91,2,Small Host (2-4),Moderate ($100-$250),50,4.99,https://www.airbnb.com/rooms/10332
10333,Minimalist Studio in SoHo,1169,James,t,Superhost,Manhattan,SoHo,40.79609,-73.96801,Entire home/apt,303,5,60.6,2,95,2026-05-02,3.1,2,Small Host (2-4),Luxury (>$250),217,5.0,https://www.airbnb.com/rooms/10333
10334,Stunning Retreat in Cobble Hill,1117,Emily,f,Standard Host,Brooklyn,Cobble Hill,40.65989,-73.88284,Private room,88,1,88.0,2,15,2026-04-11,1.75,1,Single Listing,Budget (<$100),223,4.32,https://www.airbnb.com/rooms/10334
10335,Minimalist Flat in Harlem,1005,Mia,f,Standard Host,Manhattan,Harlem,40.77384,-73.97611,Private room,114,2,57.0,1,47,2026-03-01,1.59,1,Single Listing,Moderate ($100-$250),179,4.53,https://www.airbnb.com/rooms/10335
10336,Luxury Loft in Ridgewood,1201,Michael,f,Standard Host,Queens,Ridgewood,40.75462,-73.73858,Entire home/apt,65,2,32.5,3,8,2026-07-31,0.35,1,Single Listing,Budget (<$100),260,4.58,https://www.airbnb.com/rooms/10336
10337,Bright Haven in Sunnyside,1036,Benjamin,t,Superhost,Queens,Sunnyside,40.72359,-73.77354,Private room,101,2,50.5,1,68,2026-04-03,1.96,1,Single Listing,Moderate ($100-$250),115,4.94,https://www.airbnb.com/rooms/10337
10338,Stunning Penthouse in Financial District,1235,James,t,Superhost,Manhattan,Financial District,40.81805,-73.94651,Entire home/apt,286,8,35.75,1,70,2026-06-25,3.38,1,Single Listing,Luxury (>$250),56,4.97,https://www.airbnb.com/rooms/10338
10339,Bright Suite in DUMBO,1213,Emily,t,Superhost,Brooklyn,DUMBO,40.64212,-73.91477,Private room,78,2,39.0,2,89,2026-03-26,8.29,2,Small Host (2-4),Budget (<$100),44,4.99,https://www.airbnb.com/rooms/10339
10340,Quiet Studio in Sunnyside,1040,Emma,f,Standard Host,Queens,Sunnyside,40.74044,-73.75688,Hotel room,149,5,29.8,2,24,2026-06-25,0.91,3,Small Host (2-4),Moderate ($100-$250),214,4.61,https://www.airbnb.com/rooms/10340
10341,Minimalist Studio in East Village,1238,Mia,f,Standard Host,Manhattan,East Village,40.78035,-73.98168,Private room,102,1,102.0,3,25,2026-07-25,2.21,1,Single Listing,Moderate ($100-$250),96,4.25,https://www.airbnb.com/rooms/10341
10342,Luxury Suite in Bedford-Stuyvesant,1346,Ava,t,Superhost,Brooklyn,Bedford-Stuyvesant,40.64522,-73.95877,Private room,116,2,58.0,4,118,2026-05-05,19.22,1,Single Listing,Moderate ($100-$250),137,4.97,https://www.airbnb.com/rooms/10342
10343,Luxury Loft in Greenwich Village,1349,Michael,t,Superhost,Manhattan,Greenwich Village,40.78647,-73.9706,Private room,193,2,96.5,2,50,2026-07-19,4.28,1,Single Listing,Moderate ($100-$250),229,4.96,https://www.airbnb.com/rooms/10343
10344,Spacious Flat in Harlem,1109,Benjamin,t,Superhost,Manhattan,Harlem,40.74705,-73.94219,Entire home/apt,357,4,89.25,3,58,2025-10-26,2.76,1,Single Listing,Luxury (>$250),301,4.94,https://www.airbnb.com/rooms/10344
10345,Minimalist Loft in Greenwich Village,1171,Jessica,f,Standard Host,Manhattan,Greenwich Village,40.75965,-74.01938,Private room,104,2,52.0,30,28,2026-06-09,2.16,1,Single Listing,Moderate ($100-$250),129,4.5,https://www.airbnb.com/rooms/10345
10346,Charming Studio in Greenwich Village,1192,Mia,t,Superhost,Manhattan,Greenwich Village,40.81866,-73.96993,Entire home/apt,209,2,104.5,2,53,2026-05-08,2.09,1,Single Listing,Moderate ($100-$250),222,4.97,https://www.airbnb.com/rooms/10346
10347,Rustic Retreat in SoHo,1341,Emily,f,Standard Host,Manhattan,SoHo,40.77563,-73.95986,Entire home/apt,334,4,83.5,7,31,2025-10-16,4.1,1,Single Listing,Luxury (>$250),74,4.47,https://www.airbnb.com/rooms/10347
10348,Stunning Haven in Long Island City,1160,Jessica,f,Standard Host,Queens,Long Island City,40.7882,-73.79386,Private room,73,1,73.0,30,12,2026-07-27,0.41,1,Single Listing,Budget (<$100),213,4.37,https://www.airbnb.com/rooms/10348
10349,Luxury Studio in Park Slope,1011,Liam,f,Standard Host,Brooklyn,Park Slope,40.6812,-73.99037,Private room,119,1,119.0,2,32,2026-06-23,1.4,1,Single Listing,Moderate ($100-$250),250,4.46,https://www.airbnb.com/rooms/10349
10350,Minimalist Penthouse in Tribeca,1213,Liam,f,Standard Host,Manhattan,Tribeca,40.77373,-73.97358,Entire home/apt,211,3,70.33,1,29,2026-06-12,1.65,8,Multi-Listing Host (5+),Moderate ($100-$250),233,4.62,https://www.airbnb.com/rooms/10350
10351,Cozy Loft in Brooklyn Heights,1198,Sophia,f,Standard Host,Brooklyn,Brooklyn Heights,40.66235,-73.96217,Entire home/apt,374,2,187.0,3,40,2026-07-15,1.51,3,Small Host (2-4),Luxury (>$250),349,4.54,https://www.airbnb.com/rooms/10351
10352,Rustic Penthouse in Park Slope,1266,Daniel,f,Standard Host,Brooklyn,Park Slope,40.68805,-73.97078,Private room,123,1,123.0,7,25,2026-05-10,0.89,1,Single Listing,Moderate ($100-$250),55,4.25,https://www.airbnb.com/rooms/10352
10353,Luxury Apartment in Flushing,1158,Alex,f,Standard Host,Queens,Flushing,40.72765,-73.86409,Entire home/apt,155,5,31.0,1,48,2026-07-19,1.77,1,Single Listing,Moderate ($100-$250),66,4.56,https://www.airbnb.com/rooms/10353
10354,Minimalist Studio in Harlem,1210,Benjamin,f,Standard Host,Manhattan,Harlem,40.78318,-73.96646,Hotel room,269,4,67.25,1,18,2026-07-26,0.69,2,Small Host (2-4),Luxury (>$250),13,4.38,https://www.airbnb.com/rooms/10354
10355,Bright Brownstone Unit in Tribeca,1137,Mia,f,Standard Host,Manhattan,Tribeca,40.78814,-73.98995,Private room,102,1,102.0,2,100,2026-07-06,12.96,1,Single Listing,Moderate ($100-$250),61,4.45,https://www.airbnb.com/rooms/10355
10356,Rustic Loft in Bedford-Stuyvesant,1128,Elena,f,Standard Host,Brooklyn,Bedford-Stuyvesant,40.68852,-73.93156,Private room,96,2,48.0,1,41,2026-05-26,1.46,1,Single Listing,Budget (<$100),258,4.22,https://www.airbnb.com/rooms/10356
10357,Stunning Retreat in Hell's Kitchen,1198,Olivia,f,Standard Host,Manhattan,Hell's Kitchen,40.82242,-73.97445,Private room,226,2,113.0,2,63,2025-11-13,1.76,8,Multi-Listing Host (5+),Moderate ($100-$250),238,4.51,https://www.airbnb.com/rooms/10357
10358,Rustic Flat in Chelsea,1055,Sophia,f,Standard Host,Manhattan,Chelsea,40.75327,-73.94817,Private room,290,1,290.0,4,22,2026-06-22,0.88,3,Small Host (2-4),Luxury (>$250),180,4.43,https://www.airbnb.com/rooms/10358
10359,Cozy Room in SoHo,1196,Ava,f,Standard Host,Manhattan,SoHo,40.76033,-73.949,Private room,142,2,71.0,2,17,2026-07-24,0.73,1,Single Listing,Moderate ($100-$250),204,4.53,https://www.airbnb.com/rooms/10359
10360,Bright Studio in Tribeca,1187,David,f,Standard Host,Manhattan,Tribeca,40.7985,-73.96389,Entire home/apt,408,4,102.0,2,14,2026-06-21,0.45,1,Single Listing,Luxury (>$250),317,4.56,https://www.airbnb.com/rooms/10360
10361,Bright Brownstone Unit in DUMBO,1294,Mia,f,Standard Host,Brooklyn,DUMBO,40.64002,-73.94477,Entire home/apt,158,2,79.0,7,6,2026-05-14,0.47,3,Small Host (2-4),Moderate ($100-$250),101,4.2,https://www.airbnb.com/rooms/10361
10362,Cozy Room in Harlem,1348,Mia,f,Standard Host,Manhattan,Harlem,40.83346,-73.94604,Entire home/apt,288,5,57.6,4,23,2026-07-24,1.29,3,Small Host (2-4),Luxury (>$250),307,4.52,https://www.airbnb.com/rooms/10362
10363,Stunning Apartment in Bedford-Stuyvesant,1075,Daniel,t,Superhost,Brooklyn,Bedford-Stuyvesant,40.65431,-73.95678,Entire home/apt,228,4,57.0,7,98,2026-04-13,5.21,1,Single Listing,Moderate ($100-$250),59,4.98,https://www.airbnb.com/rooms/10363
10364,Boho Brownstone Unit in Mott Haven,1077,Liam,t,Superhost,Bronx,Mott Haven,40.8421,-73.83604,Private room,52,1,52.0,1,67,2026-05-27,1.87,3,Small Host (2-4),Budget (<$100),247,4.91,https://www.airbnb.com/rooms/10364
10365,Bright Studio in Hell's Kitchen,1251,Noah,t,Superhost,Manhattan,Hell's Kitchen,40.7763,-73.96371,Entire home/apt,507,4,126.75,7,93,2026-05-18,5.9,1,Single Listing,Luxury (>$250),285,4.97,https://www.airbnb.com/rooms/10365
10366,Rustic Suite in Tribeca,1300,Ava,f,Standard Host,Manhattan,Tribeca,40.78129,-73.96607,Entire home/apt,194,5,38.8,5,9,2026-06-14,0.79,1,Single Listing,Moderate ($100-$250),72,4.61,https://www.airbnb.com/rooms/10366
10367,Chic Suite in Bushwick,1064,Noah,t,Superhost,Brooklyn,Bushwick,40.63309,-73.96288,Entire home/apt,362,8,45.25,7,89,2026-07-10,4.3,1,Single Listing,Luxury (>$250),190,4.93,https://www.airbnb.com/rooms/10367
10368,Bright Apartment in Williamsburg,1111,David,f,Standard Host,Brooklyn,Williamsburg,40.73874,-73.94289,Entire home/apt,250,2,125.0,1,21,2026-07-02,0.63,2,Small Host (2-4),Moderate ($100-$250),140,4.54,https://www.airbnb.com/rooms/10368
10369,Sunny Loft in Bushwick,1331,Daniel,f,Standard Host,Brooklyn,Bushwick,40.6646,-73.9586,Private room,72,2,36.0,2,11,2026-07-14,0.82,1,Single Listing,Budget (<$100),290,4.46,https://www.airbnb.com/rooms/10369
10370,Charming Retreat in SoHo,1141,Alex,t,Superhost,Manhattan,SoHo,40.76393,-73.96923,Private room,131,3,43.67,1,54,2026-04-25,2.28,2,Small Host (2-4),Moderate ($100-$250),188,4.95,https://www.airbnb.com/rooms/10370
10371,Bright Penthouse in East Village,1200,Jessica,t,Superhost,Manhattan,East Village,40.79284,-73.97861,Private room,243,2,121.5,2,83,2026-07-24,7.78,1,Single Listing,Moderate ($100-$250),146,5.0,https://www.airbnb.com/rooms/10371
10372,Boho Loft in Crown Heights,1225,Elena,f,Standard Host,Brooklyn,Crown Heights,40.67205,-73.95554,Entire home/apt,144,3,48.0,2,17,2026-02-06,0.54,3,Small Host (2-4),Moderate ($100-$250),170,4.43,https://www.airbnb.com/rooms/10372
10373,Bright Studio in Chelsea,1147,Ava,f,Standard Host,Manhattan,Chelsea,40.7944,-73.97528,Entire home/apt,692,5,138.4,1,45,2026-07-25,2.05,4,Small Host (2-4),Luxury (>$250),107,4.3,https://www.airbnb.com/rooms/10373
10374,Sunny Loft in Cobble Hill,1271,Charlotte,t,Superhost,Brooklyn,Cobble Hill,40.68229,-73.94424,Private room,82,2,41.0,1,50,2026-07-06,5.0,1,Single Listing,Budget (<$100),263,4.98,https://www.airbnb.com/rooms/10374
10375,Rustic Haven in Chelsea,1149,Olivia,f,Standard Host,Manhattan,Chelsea,40.80226,-74.00518,Private room,227,1,227.0,5,23,2026-03-21,0.68,1,Single Listing,Moderate ($100-$250),39,4.52,https://www.airbnb.com/rooms/10375
10376,Charming Loft in SoHo,1206,Elena,t,Superhost,Manhattan,SoHo,40.7835,-73.95669,Private room,195,2,97.5,2,52,2026-07-04,2.58,1,Single Listing,Moderate ($100-$250),103,4.92,https://www.airbnb.com/rooms/10376
10377,Bright Brownstone Unit in Stapleton,1184,Daniel,t,Superhost,Staten Island,Stapleton,40.59179,-74.13033,Entire home/apt,164,2,82.0,1,62,2026-05-25,2.97,1,Single Listing,Moderate ($100-$250),214,4.98,https://www.airbnb.com/rooms/10377
10378,Bright Suite in East Village,1007,Emily,t,Superhost,Manhattan,East Village,40.79867,-73.96845,Entire home/apt,285,5,57.0,1,69,2026-07-20,2.48,3,Small Host (2-4),Luxury (>$250),68,4.95,https://www.airbnb.com/rooms/10378
10379,Luxury Penthouse in Park Slope,1258,Charlotte,t,Superhost,Brooklyn,Park Slope,40.69067,-73.9071,Private room,71,3,23.67,2,55,2026-07-01,7.31,12,Multi-Listing Host (5+),Budget (<$100),334,4.91,https://www.airbnb.com/rooms/10379
10380,Charming Loft in Williamsburg,1138,Elena,t,Superhost,Brooklyn,Williamsburg,40.65897,-73.98006,Entire home/apt,222,3,74.0,1,68,2026-07-26,2.04,1,Single Listing,Moderate ($100-$250),261,4.97,https://www.airbnb.com/rooms/10380
10381,Stunning Loft in Midtown,1185,Elena,f,Standard Host,Manhattan,Midtown,40.76907,-74.00251,Entire home/apt,241,4,60.25,7,17,2026-01-06,2.35,1,Single Listing,Moderate ($100-$250),107,4.31,https://www.airbnb.com/rooms/10381
10382,Spacious Haven in Tribeca,1104,Ava,f,Standard Host,Manhattan,Tribeca,40.77408,-73.98362,Entire home/apt,241,2,120.5,2,13,2026-03-19,0.37,4,Small Host (2-4),Moderate ($100-$250),70,4.23,https://www.airbnb.com/rooms/10382
10383,Rustic Suite in Tribeca,1067,Olivia,t,Superhost,Manhattan,Tribeca,40.78617,-73.98289,Entire home/apt,394,4,98.5,1,100,2026-07-02,3.4,1,Single Listing,Luxury (>$250),104,4.91,https://www.airbnb.com/rooms/10383
10384,Luxury Retreat in Williamsburg,1269,James,t,Superhost,Brooklyn,Williamsburg,40.64122,-73.91213,Entire home/apt,150,2,75.0,4,95,2026-07-14,2.81,12,Multi-Listing Host (5+),Moderate ($100-$250),338,4.98,https://www.airbnb.com/rooms/10384
10385,Stunning Suite in SoHo,1282,James,f,Standard Host,Manhattan,SoHo,40.74711,-74.01084,Entire home/apt,233,3,77.67,3,5,2026-04-01,0.2,1,Single Listing,Moderate ($100-$250),292,4.41,https://www.airbnb.com/rooms/10385
10386,Charming Apartment in Chelsea,1080,Benjamin,t,Superhost,Manhattan,Chelsea,40.77168,-74.00284,Private room,116,2,58.0,3,65,2026-06-22,5.57,1,Single Listing,Moderate ($100-$250),341,4.97,https://www.airbnb.com/rooms/10386
10387,Minimalist Loft in Jackson Heights,1037,Sophia,t,Superhost,Queens,Jackson Heights,40.69589,-73.76958,Entire home/apt,183,6,30.5,3,77,2026-05-07,2.5,1,Single Listing,Moderate ($100-$250),32,4.97,https://www.airbnb.com/rooms/10387
10388,Spacious Studio in Financial District,1055,Ava,f,Standard Host,Manhattan,Financial District,40.7814,-73.91929,Shared room,79,1,79.0,1,49,2026-07-22,3.07,1,Single Listing,Budget (<$100),146,4.46,https://www.airbnb.com/rooms/10388
10389,Charming Penthouse in Astoria,1213,David,t,Superhost,Queens,Astoria,40.71479,-73.79876,Private room,77,1,77.0,30,64,2026-06-22,1.94,1,Single Listing,Budget (<$100),124,4.94,https://www.airbnb.com/rooms/10389
10390,Charming Loft in SoHo,1023,Charlotte,t,Superhost,Manhattan,SoHo,40.80262,-73.93784,Private room,272,2,136.0,1,62,2026-03-30,4.24,2,Small Host (2-4),Luxury (>$250),265,4.92,https://www.airbnb.com/rooms/10390
10391,Boho Penthouse in Jackson Heights,1164,David,f,Standard Host,Queens,Jackson Heights,40.74374,-73.80185,Private room,69,2,34.5,3,6,2026-06-29,0.39,1,Single Listing,Budget (<$100),221,4.49,https://www.airbnb.com/rooms/10391
10392,Stunning Apartment in Chelsea,1253,Ava,f,Standard Host,Manhattan,Chelsea,40.76085,-73.98995,Private room,186,1,186.0,1,7,2026-07-06,0.81,1,Single Listing,Moderate ($100-$250),18,4.32,https://www.airbnb.com/rooms/10392
10393,Bright Loft in Mott Haven,1072,Olivia,f,Standard Host,Bronx,Mott Haven,40.86086,-73.8748,Private room,35,2,17.5,3,24,2026-05-14,2.33,1,Single Listing,Budget (<$100),227,4.55,https://www.airbnb.com/rooms/10393
10394,Boho Studio in Bushwick,1076,Elena,t,Superhost,Brooklyn,Bushwick,40.6598,-73.97741,Entire home/apt,246,2,123.0,2,28,2026-02-04,1.28,1,Single Listing,Moderate ($100-$250),182,4.95,https://www.airbnb.com/rooms/10394
10395,Modern Suite in Harlem,1089,Noah,t,Superhost,Manhattan,Harlem,40.80977,-73.96064,Private room,74,1,74.0,1,71,2026-07-13,2.09,8,Multi-Listing Host (5+),Budget (<$100),203,4.96,https://www.airbnb.com/rooms/10395
10396,Minimalist Penthouse in Midtown,1287,Charlotte,f,Standard Host,Manhattan,Midtown,40.80557,-73.96873,Private room,172,2,86.0,1,27,2026-07-20,1.06,1,Single Listing,Moderate ($100-$250),49,4.57,https://www.airbnb.com/rooms/10396
10397,Chic Suite in Upper West Side,1006,Olivia,t,Superhost,Manhattan,Upper West Side,40.78805,-73.9631,Entire home/apt,430,2,215.0,30,42,2026-07-10,4.77,8,Multi-Listing Host (5+),Luxury (>$250),154,4.93,https://www.airbnb.com/rooms/10397
10398,Boho Loft in Greenwich Village,1050,Carlos,f,Standard Host,Manhattan,Greenwich Village,40.77672,-73.97942,Private room,54,2,27.0,1,8,2026-07-12,0.25,1,Single Listing,Budget (<$100),247,4.43,https://www.airbnb.com/rooms/10398
10399,Rustic Loft in Riverdale,1083,Noah,f,Standard Host,Bronx,Riverdale,40.87194,-73.88891,Private room,35,2,17.5,2,20,2026-05-04,0.61,12,Multi-Listing Host (5+),Budget (<$100),116,4.24,https://www.airbnb.com/rooms/10399
10400,Stunning Apartment in Concourse,1074,Olivia,f,Standard Host,Bronx,Concourse,40.80723,-73.8811,Private room,36,3,12.0,2,8,2026-07-15,0.27,2,Small Host (2-4),Budget (<$100),141,4.57,https://www.airbnb.com/rooms/10400
10401,Spacious Room in Concourse,1210,Charlotte,f,Standard Host,Bronx,Concourse,40.82584,-73.8634,Entire home/apt,66,2,33.0,1,46,2026-05-12,1.82,1,Single Listing,Budget (<$100),297,4.34,https://www.airbnb.com/rooms/10401
10402,Rustic Haven in Financial District,1237,Michael,t,Superhost,Manhattan,Financial District,40.81178,-73.97748,Entire home/apt,368,3,122.67,2,77,2026-06-28,4.3,1,Single Listing,Luxury (>$250),43,4.98,https://www.airbnb.com/rooms/10402
10403,Modern Loft in Hell's Kitchen,1241,David,f,Standard Host,Manhattan,Hell's Kitchen,40.79968,-73.95671,Private room,220,1,220.0,3,22,2026-01-30,0.69,1,Single Listing,Moderate ($100-$250),148,4.44,https://www.airbnb.com/rooms/10403
10404,Bright Flat in Upper West Side,1215,Noah,t,Superhost,Manhattan,Upper West Side,40.7884,-73.98513,Private room,188,2,94.0,4,51,2026-06-16,2.49,1,Single Listing,Moderate ($100-$250),233,4.98,https://www.airbnb.com/rooms/10404
10405,Bright Studio in Midtown,1342,Ethan,f,Standard Host,Manhattan,Midtown,40.74381,-73.98702,Entire home/apt,675,3,225.0,30,55,2026-07-25,1.72,1,Single Listing,Luxury (>$250),218,4.44,https://www.airbnb.com/rooms/10405
10406,Charming Retreat in Tompkinsville,1019,Daniel,f,Standard Host,Staten Island,Tompkinsville,40.57444,-74.17392,Private room,36,1,36.0,2,48,2026-01-27,1.82,1,Single Listing,Budget (<$100),196,4.55,https://www.airbnb.com/rooms/10406
10407,Bright Flat in Astoria,1211,Elena,t,Superhost,Queens,Astoria,40.71461,-73.83612,Entire home/apt,86,3,28.67,3,45,2026-04-12,2.58,1,Single Listing,Budget (<$100),233,4.94,https://www.airbnb.com/rooms/10407
10408,Stunning Loft in Mott Haven,1333,Alex,f,Standard Host,Bronx,Mott Haven,40.83986,-73.8286,Entire home/apt,102,3,34.0,2,29,2026-07-17,1.56,1,Single Listing,Moderate ($100-$250),205,4.62,https://www.airbnb.com/rooms/10408
10409,Rustic Brownstone Unit in Hell's Kitchen,1203,Alex,f,Standard Host,Manhattan,Hell's Kitchen,40.75145,-73.95192,Private room,105,2,52.5,3,43,2026-06-19,1.38,1,Single Listing,Moderate ($100-$250),172,4.65,https://www.airbnb.com/rooms/10409
10410,Sunny Suite in Greenwich Village,1296,Sophia,t,Superhost,Manhattan,Greenwich Village,40.78235,-73.96106,Private room,255,2,127.5,1,70,2026-06-03,2.24,1,Single Listing,Luxury (>$250),293,4.94,https://www.airbnb.com/rooms/10410
10411,Spacious Apartment in Midtown,1015,Charlotte,f,Standard Host,Manhattan,Midtown,40.75709,-73.96041,Private room,187,3,62.33,4,26,2026-05-01,0.88,1,Single Listing,Moderate ($100-$250),347,4.42,https://www.airbnb.com/rooms/10411
10412,Stunning Apartment in Bushwick,1073,Olivia,t,Superhost,Brooklyn,Bushwick,40.68986,-73.90032,Entire home/apt,384,2,192.0,2,41,2026-07-18,1.66,1,Single Listing,Luxury (>$250),170,4.95,https://www.airbnb.com/rooms/10412
10413,Luxury Studio in Midtown,1017,Emma,f,Standard Host,Manhattan,Midtown,40.80724,-73.98791,Private room,85,3,28.33,1,33,2026-06-19,4.93,1,Single Listing,Budget (<$100),196,4.57,https://www.airbnb.com/rooms/10413
10414,Spacious Flat in Chelsea,1141,Mia,t,Superhost,Manhattan,Chelsea,40.78588,-73.94464,Entire home/apt,445,2,222.5,1,95,2026-07-15,2.82,8,Multi-Listing Host (5+),Luxury (>$250),153,4.96,https://www.airbnb.com/rooms/10414
10415,Quiet Room in Ridgewood,1250,Sophia,f,Standard Host,Queens,Ridgewood,40.70807,-73.74551,Shared room,35,2,17.5,1,40,2026-07-22,5.05,1,Single Listing,Budget (<$100),271,4.48,https://www.airbnb.com/rooms/10415
10416,Chic Loft in Cobble Hill,1166,Sophia,f,Standard Host,Brooklyn,Cobble Hill,40.63222,-73.94789,Entire home/apt,214,3,71.33,2,6,2026-07-09,0.95,3,Small Host (2-4),Moderate ($100-$250),174,4.56,https://www.airbnb.com/rooms/10416
10417,Boho Flat in Financial District,1312,Michael,f,Standard Host,Manhattan,Financial District,40.7864,-73.95759,Private room,118,2,59.0,1,5,2026-06-09,0.21,1,Single Listing,Moderate ($100-$250),20,4.5,https://www.airbnb.com/rooms/10417
10418,Charming Haven in Stapleton,1274,Noah,t,Superhost,Staten Island,Stapleton,40.55517,-74.16048,Entire home/apt,248,4,62.0,2,40,2026-06-14,2.22,1,Single Listing,Moderate ($100-$250),323,4.97,https://www.airbnb.com/rooms/10418
10419,Minimalist Studio in Bushwick,1115,Sarah,f,Standard Host,Brooklyn,Bushwick,40.71072,-73.99332,Entire home/apt,400,2,200.0,3,52,2026-08-01,2.35,1,Single Listing,Luxury (>$250),36,4.2,https://www.airbnb.com/rooms/10419
10420,Rustic Haven in Upper West Side,1195,James,f,Standard Host,Manhattan,Upper West Side,40.78149,-73.95527,Private room,159,3,53.0,3,36,2026-06-02,1.1,1,Single Listing,Moderate ($100-$250),277,4.39,https://www.airbnb.com/rooms/10420
10421,Luxury Flat in DUMBO,1136,Olivia,f,Standard Host,Brooklyn,DUMBO,40.66051,-73.90776,Entire home/apt,228,3,76.0,2,42,2026-06-25,1.61,1,Single Listing,Moderate ($100-$250),259,4.48,https://www.airbnb.com/rooms/10421
10422,Rustic Loft in Cobble Hill,1233,David,f,Standard Host,Brooklyn,Cobble Hill,40.6622,-73.91758,Entire home/apt,126,2,63.0,2,10,2026-07-28,0.56,8,Multi-Listing Host (5+),Moderate ($100-$250),167,4.39,https://www.airbnb.com/rooms/10422
10423,Luxury Brownstone Unit in East Village,1096,James,t,Superhost,Manhattan,East Village,40.78264,-73.98603,Private room,122,2,61.0,3,69,2026-05-31,7.72,1,Single Listing,Moderate ($100-$250),226,4.99,https://www.airbnb.com/rooms/10423
10424,Modern Suite in Upper West Side,1349,Sarah,f,Standard Host,Manhattan,Upper West Side,40.78771,-73.99413,Entire home/apt,274,8,34.25,7,14,2026-05-14,1.55,1,Single Listing,Luxury (>$250),147,4.32,https://www.airbnb.com/rooms/10424
10425,Charming Loft in Upper West Side,1095,Noah,f,Standard Host,Manhattan,Upper West Side,40.77859,-73.98705,Entire home/apt,282,4,70.5,2,47,2026-05-28,1.35,1,Single Listing,Luxury (>$250),20,4.52,https://www.airbnb.com/rooms/10425
10426,Bright Penthouse in Midtown,1251,Emily,f,Standard Host,Manhattan,Midtown,40.74406,-74.0151,Private room,82,1,82.0,5,2,2026-07-26,0.07,1,Single Listing,Budget (<$100),181,4.42,https://www.airbnb.com/rooms/10426
10427,Quiet Loft in Todt Hill,1181,Olivia,f,Standard Host,Staten Island,Todt Hill,40.5696,-74.16656,Entire home/apt,124,6,20.67,2,9,2025-12-27,0.32,1,Single Listing,Moderate ($100-$250),55,4.47,https://www.airbnb.com/rooms/10427
10428,Cozy Haven in Concourse,1270,Jessica,t,Superhost,Bronx,Concourse,40.80583,-73.84719,Shared room,35,2,17.5,2,68,2026-06-28,2.79,1,Single Listing,Budget (<$100),187,4.94,https://www.airbnb.com/rooms/10428
10429,Chic Retreat in Riverdale,1320,Ava,f,Standard Host,Bronx,Riverdale,40.83364,-73.8624,Shared room,35,1,35.0,2,17,2026-07-15,2.82,2,Small Host (2-4),Budget (<$100),155,4.37,https://www.airbnb.com/rooms/10429
10430,Rustic Brownstone Unit in East Village,1222,Ethan,f,Standard Host,Manhattan,East Village,40.81794,-73.97374,Private room,114,1,114.0,7,4,2026-03-20,0.12,1,Single Listing,Moderate ($100-$250),315,4.45,https://www.airbnb.com/rooms/10430
10431,Chic Studio in Greenpoint,1129,David,f,Standard Host,Brooklyn,Greenpoint,40.68279,-73.9571,Private room,84,1,84.0,2,12,2026-07-06,0.72,1,Single Listing,Budget (<$100),220,4.45,https://www.airbnb.com/rooms/10431
10432,Spacious Studio in Pelham Bay,1125,Ethan,f,Standard Host,Bronx,Pelham Bay,40.86061,-73.85545,Private room,53,1,53.0,7,33,2026-04-25,5.34,3,Small Host (2-4),Budget (<$100),245,4.45,https://www.airbnb.com/rooms/10432
10433,Rustic Suite in East Village,1247,Carlos,f,Standard Host,Manhattan,East Village,40.77857,-73.96336,Entire home/apt,206,2,103.0,3,51,2026-06-03,4.79,2,Small Host (2-4),Moderate ($100-$250),13,4.24,https://www.airbnb.com/rooms/10433
10434,Quiet Apartment in Midtown,1127,Daniel,t,Superhost,Manhattan,Midtown,40.77097,-73.94763,Entire home/apt,614,2,307.0,2,75,2026-06-06,5.43,1,Single Listing,Luxury (>$250),346,4.97,https://www.airbnb.com/rooms/10434
10435,Cozy Flat in Bedford-Stuyvesant,1262,Ava,t,Superhost,Brooklyn,Bedford-Stuyvesant,40.70419,-73.9121,Entire home/apt,221,3,73.67,1,82,2026-07-23,2.7,1,Single Listing,Moderate ($100-$250),71,4.88,https://www.airbnb.com/rooms/10435
10436,Bright Apartment in Financial District,1072,Benjamin,f,Standard Host,Manhattan,Financial District,40.792,-74.01227,Entire home/apt,384,3,128.0,3,30,2026-07-23,2.67,1,Single Listing,Luxury (>$250),298,4.39,https://www.airbnb.com/rooms/10436
10437,Modern Suite in Upper West Side,1248,Liam,f,Standard Host,Manhattan,Upper West Side,40.78977,-73.97468,Private room,175,2,87.5,1,30,2026-04-17,1.27,3,Small Host (2-4),Moderate ($100-$250),25,4.38,https://www.airbnb.com/rooms/10437
10438,Cozy Apartment in East Village,1119,Emily,t,Superhost,Manhattan,East Village,40.81155,-74.00136,Entire home/apt,341,6,56.83,2,98,2026-05-10,13.76,1,Single Listing,Luxury (>$250),201,4.99,https://www.airbnb.com/rooms/10438
10439,Quiet Flat in Hell's Kitchen,1103,Daniel,t,Superhost,Manhattan,Hell's Kitchen,40.73999,-73.92949,Private room,151,2,75.5,5,49,2026-07-19,1.88,1,Single Listing,Moderate ($100-$250),12,4.95,https://www.airbnb.com/rooms/10439
10440,Modern Retreat in Bushwick,1329,Noah,f,Standard Host,Brooklyn,Bushwick,40.69453,-73.96463,Shared room,78,2,39.0,2,35,2026-06-29,4.37,1,Single Listing,Budget (<$100),46,4.41,https://www.airbnb.com/rooms/10440
10441,Bright Loft in East Village,1012,Emily,f,Standard Host,Manhattan,East Village,40.7766,-73.97115,Private room,163,1,163.0,2,21,2026-06-06,0.98,1,Single Listing,Moderate ($100-$250),326,4.38,https://www.airbnb.com/rooms/10441
10442,Spacious Brownstone Unit in DUMBO,1103,Carlos,f,Standard Host,Brooklyn,DUMBO,40.65626,-73.94786,Entire home/apt,185,2,92.5,5,13,2026-06-06,0.57,1,Single Listing,Moderate ($100-$250),28,4.43,https://www.airbnb.com/rooms/10442
10443,Quiet Brownstone Unit in Bushwick,1022,Emma,t,Superhost,Brooklyn,Bushwick,40.6999,-73.96273,Entire home/apt,184,3,61.33,3,60,2026-05-25,1.89,1,Single Listing,Moderate ($100-$250),292,4.85,https://www.airbnb.com/rooms/10443
10444,Minimalist Studio in Park Slope,1061,Charlotte,f,Standard Host,Brooklyn,Park Slope,40.65667,-73.9537,Entire home/apt,131,3,43.67,4,13,2026-03-23,0.46,1,Single Listing,Moderate ($100-$250),300,4.3,https://www.airbnb.com/rooms/10444
10445,Luxury Haven in Long Island City,1093,Olivia,t,Superhost,Queens,Long Island City,40.73279,-73.80596,Entire home/apt,135,3,45.0,3,59,2026-06-22,2.64,3,Small Host (2-4),Moderate ($100-$250),192,4.99,https://www.airbnb.com/rooms/10445
10446,Luxury Loft in Greenpoint,1270,James,t,Superhost,Brooklyn,Greenpoint,40.66271,-73.94027,Private room,80,2,40.0,2,44,2026-04-13,1.32,2,Small Host (2-4),Budget (<$100),166,4.95,https://www.airbnb.com/rooms/10446
10447,Quiet Retreat in Harlem,1233,Emma,t,Superhost,Manhattan,Harlem,40.79737,-73.96793,Entire home/apt,320,5,64.0,1,60,2026-06-27,3.43,1,Single Listing,Luxury (>$250),204,4.95,https://www.airbnb.com/rooms/10447
10448,Chic Brownstone Unit in Upper West Side,1312,Carlos,f,Standard Host,Manhattan,Upper West Side,40.80953,-73.93792,Private room,155,3,51.67,3,69,2026-05-15,3.67,2,Small Host (2-4),Moderate ($100-$250),39,4.35,https://www.airbnb.com/rooms/10448
10449,Charming Flat in Fordham,1294,Ethan,f,Standard Host,Bronx,Fordham,40.87452,-73.90142,Entire home/apt,152,2,76.0,3,46,2026-07-15,3.27,1,Single Listing,Moderate ($100-$250),321,4.6,https://www.airbnb.com/rooms/10449
10450,Charming Room in DUMBO,1005,Benjamin,t,Superhost,Brooklyn,DUMBO,40.67127,-73.92862,Entire home/apt,168,3,56.0,2,87,2026-01-30,3.86,2,Small Host (2-4),Moderate ($100-$250),142,4.99,https://www.airbnb.com/rooms/10450
10451,Cozy Flat in Long Island City,1336,Sarah,t,Superhost,Queens,Long Island City,40.73083,-73.77651,Private room,86,2,43.0,5,70,2026-08-01,1.99,1,Single Listing,Budget (<$100),190,4.77,https://www.airbnb.com/rooms/10451
10452,Charming Flat in East Village,1122,Daniel,t,Superhost,Manhattan,East Village,40.80488,-73.95205,Entire home/apt,406,3,135.33,2,115,2026-07-08,3.88,1,Single Listing,Luxury (>$250),343,4.98,https://www.airbnb.com/rooms/10452
10453,Rustic Retreat in SoHo,1014,Emma,f,Standard Host,Manhattan,SoHo,40.82746,-73.95843,Private room,75,2,37.5,1,30,2026-07-28,0.83,1,Single Listing,Budget (<$100),124,4.34,https://www.airbnb.com/rooms/10453
10454,Stunning Brownstone Unit in Cobble Hill,1027,Charlotte,f,Standard Host,Brooklyn,Cobble Hill,40.67525,-73.94936,Private room,47,2,23.5,2,26,2026-07-06,0.9,2,Small Host (2-4),Budget (<$100),69,4.56,https://www.airbnb.com/rooms/10454
10455,Rustic Haven in SoHo,1248,Charlotte,t,Superhost,Manhattan,SoHo,40.77569,-73.97416,Entire home/apt,369,5,73.8,2,56,2026-07-25,3.45,12,Multi-Listing Host (5+),Luxury (>$250),268,4.94,https://www.airbnb.com/rooms/10455
10456,Charming Loft in Crown Heights,1062,Sophia,t,Superhost,Brooklyn,Crown Heights,40.72472,-73.90287,Entire home/apt,150,4,37.5,2,157,2026-07-06,4.74,1,Single Listing,Moderate ($100-$250),295,4.86,https://www.airbnb.com/rooms/10456
10457,Cozy Flat in SoHo,1024,Michael,f,Standard Host,Manhattan,SoHo,40.75986,-73.98626,Hotel room,236,3,78.67,7,26,2026-03-06,0.9,1,Single Listing,Moderate ($100-$250),52,4.55,https://www.airbnb.com/rooms/10457
10458,Cozy Suite in Brooklyn Heights,1302,James,f,Standard Host,Brooklyn,Brooklyn Heights,40.68629,-73.96371,Entire home/apt,259,2,129.5,2,18,2026-07-09,0.96,8,Multi-Listing Host (5+),Luxury (>$250),101,4.43,https://www.airbnb.com/rooms/10458
10459,Chic Retreat in DUMBO,1146,Jessica,t,Superhost,Brooklyn,DUMBO,40.64742,-73.95992,Entire home/apt,117,2,58.5,1,59,2026-05-09,1.89,8,Multi-Listing Host (5+),Moderate ($100-$250),30,4.99,https://www.airbnb.com/rooms/10459
10460,Luxury Loft in Astoria,1145,Ethan,f,Standard Host,Queens,Astoria,40.75158,-73.85053,Entire home/apt,142,3,47.33,30,9,2026-05-27,0.63,2,Small Host (2-4),Moderate ($100-$250),50,4.62,https://www.airbnb.com/rooms/10460
10461,Charming Haven in Tribeca,1345,Michael,f,Standard Host,Manhattan,Tribeca,40.77187,-73.9523,Private room,193,1,193.0,2,19,2026-07-24,3.05,2,Small Host (2-4),Moderate ($100-$250),122,4.63,https://www.airbnb.com/rooms/10461
10462,Charming Suite in Harlem,1046,Noah,f,Standard Host,Manhattan,Harlem,40.77339,-73.97288,Entire home/apt,222,4,55.5,2,34,2026-06-02,1.45,8,Multi-Listing Host (5+),Moderate ($100-$250),346,4.48,https://www.airbnb.com/rooms/10462
10463,Stunning Flat in Forest Hills,1183,Ava,f,Standard Host,Queens,Forest Hills,40.67488,-73.78988,Entire home/apt,235,2,117.5,3,57,2026-05-22,6.06,3,Small Host (2-4),Moderate ($100-$250),257,4.48,https://www.airbnb.com/rooms/10463
10464,Quiet Suite in Chelsea,1210,Sarah,f,Standard Host,Manhattan,Chelsea,40.80987,-73.95567,Entire home/apt,311,3,103.67,3,45,2026-07-18,2.19,1,Single Listing,Luxury (>$250),33,4.55,https://www.airbnb.com/rooms/10464
10465,Bright Suite in Bedford-Stuyvesant,1315,Charlotte,t,Superhost,Brooklyn,Bedford-Stuyvesant,40.63583,-73.95395,Entire home/apt,400,4,100.0,1,95,2026-07-19,5.63,1,Single Listing,Luxury (>$250),284,4.94,https://www.airbnb.com/rooms/10465
10466,Modern Room in Harlem,1128,Alex,t,Superhost,Manhattan,Harlem,40.7871,-73.95601,Entire home/apt,287,2,143.5,1,67,2026-07-13,4.99,2,Small Host (2-4),Luxury (>$250),203,4.97,https://www.airbnb.com/rooms/10466
10467,Boho Flat in Astoria,1213,Alex,t,Superhost,Queens,Astoria,40.77113,-73.7734,Private room,62,2,31.0,1,99,2026-07-31,4.63,1,Single Listing,Budget (<$100),113,4.96,https://www.airbnb.com/rooms/10467
10468,Rustic Loft in DUMBO,1143,Mia,t,Superhost,Brooklyn,DUMBO,40.66942,-73.96022,Entire home/apt,255,4,63.75,4,75,2026-07-31,3.21,1,Single Listing,Luxury (>$250),238,4.94,https://www.airbnb.com/rooms/10468
10469,Cozy Room in Greenpoint,1288,Jessica,t,Superhost,Brooklyn,Greenpoint,40.70002,-73.91652,Entire home/apt,203,6,33.83,1,67,2026-04-16,2.37,1,Single Listing,Moderate ($100-$250),299,4.95,https://www.airbnb.com/rooms/10469
10470,Spacious Studio in Cobble Hill,1334,Emily,t,Superhost,Brooklyn,Cobble Hill,40.6724,-73.9355,Entire home/apt,150,4,37.5,1,76,2026-05-11,7.0,3,Small Host (2-4),Moderate ($100-$250),234,4.95,https://www.airbnb.com/rooms/10470
10471,Stunning Haven in Sunnyside,1281,Sophia,f,Standard Host,Queens,Sunnyside,40.75404,-73.74738,Entire home/apt,103,2,51.5,3,31,2026-06-05,2.55,1,Single Listing,Moderate ($100-$250),275,4.55,https://www.airbnb.com/rooms/10471
10472,Spacious Penthouse in SoHo,1070,Jessica,f,Standard Host,Manhattan,SoHo,40.78968,-73.94257,Private room,108,2,54.0,1,2,2026-07-08,0.09,1,Single Listing,Moderate ($100-$250),249,4.5,https://www.airbnb.com/rooms/10472
10473,Minimalist Brownstone Unit in Crown Heights,1146,Sophia,f,Standard Host,Brooklyn,Crown Heights,40.67583,-73.94071,Entire home/apt,155,3,51.67,1,16,2026-07-14,1.11,1,Single Listing,Moderate ($100-$250),277,4.57,https://www.airbnb.com/rooms/10473
10474,Stunning Brownstone Unit in Financial District,1316,Mia,t,Superhost,Manhattan,Financial District,40.76877,-74.01246,Private room,91,1,91.0,30,55,2026-07-28,9.16,1,Single Listing,Budget (<$100),80,4.99,https://www.airbnb.com/rooms/10474
10475,Minimalist Room in Greenpoint,1202,Liam,f,Standard Host,Brooklyn,Greenpoint,40.6645,-73.90425,Entire home/apt,132,4,33.0,2,19,2026-07-23,1.33,1,Single Listing,Moderate ($100-$250),236,4.56,https://www.airbnb.com/rooms/10475
10476,Cozy Flat in Cobble Hill,1188,Benjamin,f,Standard Host,Brooklyn,Cobble Hill,40.71593,-73.91484,Entire home/apt,148,3,49.33,1,25,2025-09-12,0.74,1,Single Listing,Moderate ($100-$250),194,4.58,https://www.airbnb.com/rooms/10476
10477,Minimalist Loft in East Village,1007,Charlotte,t,Superhost,Manhattan,East Village,40.82082,-73.99479,Entire home/apt,272,4,68.0,1,58,2026-06-26,2.39,2,Small Host (2-4),Luxury (>$250),341,4.92,https://www.airbnb.com/rooms/10477
10478,Modern Flat in Midtown,1091,David,t,Superhost,Manhattan,Midtown,40.76743,-73.99519,Private room,111,2,55.5,3,45,2026-07-08,1.6,3,Small Host (2-4),Moderate ($100-$250),172,4.88,https://www.airbnb.com/rooms/10478
10479,Spacious Penthouse in Greenpoint,1342,Sarah,t,Superhost,Brooklyn,Greenpoint,40.61911,-73.95029,Entire home/apt,130,5,26.0,1,42,2026-04-14,1.48,1,Single Listing,Moderate ($100-$250),150,4.94,https://www.airbnb.com/rooms/10479
10480,Luxury Apartment in Bushwick,1047,Jessica,f,Standard Host,Brooklyn,Bushwick,40.67781,-73.9697,Entire home/apt,170,2,85.0,1,37,2026-05-16,4.38,4,Small Host (2-4),Moderate ($100-$250),338,4.56,https://www.airbnb.com/rooms/10480
10481,Rustic Brownstone Unit in Greenwich Village,1162,Sophia,t,Superhost,Manhattan,Greenwich Village,40.77968,-73.98325,Entire home/apt,400,2,200.0,3,59,2026-06-27,2.34,1,Single Listing,Luxury (>$250),97,4.93,https://www.airbnb.com/rooms/10481
10482,Stunning Apartment in Financial District,1350,Olivia,t,Superhost,Manhattan,Financial District,40.77476,-73.96358,Entire home/apt,577,4,144.25,1,75,2026-07-31,3.74,1,Single Listing,Luxury (>$250),347,4.91,https://www.airbnb.com/rooms/10482
10483,Bright Brownstone Unit in Greenpoint,1018,Carlos,f,Standard Host,Brooklyn,Greenpoint,40.66127,-73.92668,Private room,96,2,48.0,2,24,2026-04-24,3.61,2,Small Host (2-4),Budget (<$100),304,4.48,https://www.airbnb.com/rooms/10483
10484,Charming Flat in Crown Heights,1348,Liam,t,Superhost,Brooklyn,Crown Heights,40.6759,-73.94459,Entire home/apt,322,8,40.25,1,130,2026-07-02,3.76,1,Single Listing,Luxury (>$250),272,4.97,https://www.airbnb.com/rooms/10484
10485,Bright Suite in Concourse,1067,Carlos,f,Standard Host,Bronx,Concourse,40.86185,-73.81399,Private room,82,1,82.0,1,10,2026-07-10,0.9,1,Single Listing,Budget (<$100),114,4.38,https://www.airbnb.com/rooms/10485
10486,Sunny Room in Tribeca,1177,Emma,f,Standard Host,Manhattan,Tribeca,40.80219,-73.96025,Entire home/apt,223,4,55.75,4,48,2026-07-24,5.41,1,Single Listing,Moderate ($100-$250),78,4.4,https://www.airbnb.com/rooms/10486
10487,Sunny Brownstone Unit in Forest Hills,1178,Mia,f,Standard Host,Queens,Forest Hills,40.75638,-73.82391,Private room,130,3,43.33,1,12,2026-06-21,0.93,1,Single Listing,Moderate ($100-$250),164,4.46,https://www.airbnb.com/rooms/10487
10488,Quiet Haven in Park Slope,1247,Sarah,t,Superhost,Brooklyn,Park Slope,40.68696,-73.9316,Private room,137,3,45.67,1,51,2026-04-25,2.81,1,Single Listing,Moderate ($100-$250),75,4.91,https://www.airbnb.com/rooms/10488
10489,Bright Flat in Greenwich Village,1325,Emma,f,Standard Host,Manhattan,Greenwich Village,40.77718,-73.96806,Entire home/apt,214,5,42.8,3,28,2026-07-03,1.28,1,Single Listing,Moderate ($100-$250),86,4.34,https://www.airbnb.com/rooms/10489
10490,Quiet Studio in Tribeca,1025,Benjamin,t,Superhost,Manhattan,Tribeca,40.78904,-73.95879,Entire home/apt,202,2,101.0,2,74,2026-04-21,4.97,1,Single Listing,Moderate ($100-$250),101,4.98,https://www.airbnb.com/rooms/10490
10491,Sunny Penthouse in DUMBO,1019,Ava,f,Standard Host,Brooklyn,DUMBO,40.6561,-73.96958,Entire home/apt,228,2,114.0,2,52,2026-05-14,1.67,1,Single Listing,Moderate ($100-$250),244,4.52,https://www.airbnb.com/rooms/10491
10492,Chic Suite in Financial District,1196,Noah,f,Standard Host,Manhattan,Financial District,40.78759,-73.943,Private room,129,1,129.0,1,25,2026-07-20,2.63,1,Single Listing,Moderate ($100-$250),165,4.32,https://www.airbnb.com/rooms/10492
10493,Boho Penthouse in Williamsburg,1224,James,f,Standard Host,Brooklyn,Williamsburg,40.65829,-73.9241,Private room,85,2,42.5,1,38,2026-07-24,2.06,2,Small Host (2-4),Budget (<$100),316,4.5,https://www.airbnb.com/rooms/10493
10494,Bright Apartment in Chelsea,1148,Charlotte,f,Standard Host,Manhattan,Chelsea,40.81252,-73.95359,Entire home/apt,306,4,76.5,2,41,2026-06-27,2.5,1,Single Listing,Luxury (>$250),265,4.64,https://www.airbnb.com/rooms/10494
10495,Charming Retreat in DUMBO,1041,Mia,f,Standard Host,Brooklyn,DUMBO,40.64807,-73.92315,Private room,122,1,122.0,2,22,2026-07-07,2.0,2,Small Host (2-4),Moderate ($100-$250),21,4.61,https://www.airbnb.com/rooms/10495
10496,Boho Penthouse in Crown Heights,1064,Emma,f,Standard Host,Brooklyn,Crown Heights,40.74802,-73.9662,Entire home/apt,271,2,135.5,1,9,2026-03-16,0.72,1,Single Listing,Luxury (>$250),195,4.49,https://www.airbnb.com/rooms/10496
10497,Cozy Flat in Cobble Hill,1238,Olivia,f,Standard Host,Brooklyn,Cobble Hill,40.63964,-73.91318,Entire home/apt,242,3,80.67,30,17,2026-05-30,0.97,1,Single Listing,Moderate ($100-$250),220,4.54,https://www.airbnb.com/rooms/10497
10498,Bright Suite in Financial District,1210,Alex,t,Superhost,Manhattan,Financial District,40.77735,-74.02508,Private room,65,1,65.0,7,80,2026-06-14,3.12,1,Single Listing,Budget (<$100),92,4.89,https://www.airbnb.com/rooms/10498
10499,Cozy Brownstone Unit in Chelsea,1106,Ethan,f,Standard Host,Manhattan,Chelsea,40.77575,-73.95625,Private room,59,1,59.0,2,66,2026-07-22,1.96,1,Single Listing,Budget (<$100),45,4.41,https://www.airbnb.com/rooms/10499
10500,Stunning Brownstone Unit in Sunnyside,1134,Ava,t,Superhost,Queens,Sunnyside,40.67336,-73.78748,Entire home/apt,141,5,28.2,3,88,2026-07-05,3.03,1,Single Listing,Moderate ($100-$250),271,4.96,https://www.airbnb.com/rooms/10500
10501,Stunning Room in Astoria,1058,Jessica,t,Superhost,Queens,Astoria,40.74243,-73.77631,Private room,86,2,43.0,2,73,2026-05-09,2.55,1,Single Listing,Budget (<$100),237,4.95,https://www.airbnb.com/rooms/10501
10502,Quiet Room in Williamsburg,1114,Elena,f,Standard Host,Brooklyn,Williamsburg,40.69272,-73.94319,Entire home/apt,164,4,41.0,1,18,2026-04-25,1.69,1,Single Listing,Moderate ($100-$250),321,4.38,https://www.airbnb.com/rooms/10502
10503,Quiet Studio in Williamsburg,1007,James,t,Superhost,Brooklyn,Williamsburg,40.6978,-73.97085,Entire home/apt,307,3,102.33,7,73,2026-05-31,2.16,1,Single Listing,Luxury (>$250),256,4.95,https://www.airbnb.com/rooms/10503
10504,Sunny Studio in Bushwick,1143,Charlotte,f,Standard Host,Brooklyn,Bushwick,40.65625,-73.95599,Entire home/apt,257,5,51.4,2,42,2026-05-02,1.34,2,Small Host (2-4),Luxury (>$250),126,4.21,https://www.airbnb.com/rooms/10504
10505,Charming Loft in East Village,1274,Ava,f,Standard Host,Manhattan,East Village,40.80583,-73.97827,Entire home/apt,452,8,56.5,1,15,2026-06-26,0.56,1,Single Listing,Luxury (>$250),321,4.44,https://www.airbnb.com/rooms/10505
10506,Rustic Studio in Bushwick,1107,Emily,t,Superhost,Brooklyn,Bushwick,40.68934,-73.93312,Entire home/apt,207,5,41.4,2,73,2026-07-26,3.6,1,Single Listing,Moderate ($100-$250),316,4.96,https://www.airbnb.com/rooms/10506
10507,Boho Haven in Bushwick,1302,Charlotte,f,Standard Host,Brooklyn,Bushwick,40.67313,-73.97075,Private room,93,3,31.0,2,16,2026-06-17,1.15,1,Single Listing,Budget (<$100),297,4.5,https://www.airbnb.com/rooms/10507
10508,Charming Penthouse in Harlem,1241,Mia,t,Superhost,Manhattan,Harlem,40.80355,-73.98869,Shared room,87,1,87.0,4,69,2026-05-03,6.01,1,Single Listing,Budget (<$100),119,4.95,https://www.airbnb.com/rooms/10508
10509,Charming Penthouse in Brooklyn Heights,1293,David,t,Superhost,Brooklyn,Brooklyn Heights,40.69505,-73.93148,Private room,90,1,90.0,1,49,2026-05-16,2.65,1,Single Listing,Budget (<$100),144,4.95,https://www.airbnb.com/rooms/10509
10510,Bright Room in SoHo,1158,Sophia,f,Standard Host,Manhattan,SoHo,40.79055,-73.97668,Entire home/apt,154,5,30.8,5,1,2026-07-13,0.05,1,Single Listing,Moderate ($100-$250),113,4.28,https://www.airbnb.com/rooms/10510
10511,Rustic Flat in SoHo,1286,Ava,f,Standard Host,Manhattan,SoHo,40.80399,-73.96807,Entire home/apt,223,5,44.6,30,17,2026-07-03,0.58,1,Single Listing,Moderate ($100-$250),259,4.03,https://www.airbnb.com/rooms/10511
10512,Chic Room in East Village,1225,Olivia,t,Superhost,Manhattan,East Village,40.7686,-73.95401,Private room,178,1,178.0,1,101,2026-07-19,6.75,1,Single Listing,Moderate ($100-$250),135,4.98,https://www.airbnb.com/rooms/10512
10513,Minimalist Haven in DUMBO,1161,Elena,f,Standard Host,Brooklyn,DUMBO,40.6731,-73.95698,Private room,110,2,55.0,1,27,2026-07-31,0.95,1,Single Listing,Moderate ($100-$250),220,4.34,https://www.airbnb.com/rooms/10513
10514,Minimalist Retreat in Jackson Heights,1009,Ethan,f,Standard Host,Queens,Jackson Heights,40.71551,-73.86014,Entire home/apt,118,2,59.0,30,30,2026-06-13,1.07,1,Single Listing,Moderate ($100-$250),67,4.47,https://www.airbnb.com/rooms/10514
10515,Quiet Flat in Astoria,1098,Michael,f,Standard Host,Queens,Astoria,40.69805,-73.81001,Private room,59,2,29.5,5,95,2026-05-23,4.35,3,Small Host (2-4),Budget (<$100),231,4.42,https://www.airbnb.com/rooms/10515
10516,Modern Suite in Financial District,1219,David,t,Superhost,Manhattan,Financial District,40.8047,-73.96936,Entire home/apt,320,2,160.0,7,91,2026-03-27,5.47,1,Single Listing,Luxury (>$250),88,4.9,https://www.airbnb.com/rooms/10516
10517,Quiet Studio in East Village,1066,Ava,t,Superhost,Manhattan,East Village,40.80988,-73.96675,Private room,277,1,277.0,7,89,2026-07-31,3.05,1,Single Listing,Luxury (>$250),235,4.97,https://www.airbnb.com/rooms/10517
10518,Charming Retreat in Crown Heights,1106,Liam,f,Standard Host,Brooklyn,Crown Heights,40.63648,-73.96408,Entire home/apt,259,2,129.5,1,36,2026-07-18,1.95,1,Single Listing,Luxury (>$250),269,4.44,https://www.airbnb.com/rooms/10518
10519,Luxury Apartment in Hell's Kitchen,1052,Elena,t,Superhost,Manhattan,Hell's Kitchen,40.80256,-73.96922,Entire home/apt,739,3,246.33,3,88,2026-01-14,13.59,1,Single Listing,Luxury (>$250),175,4.9,https://www.airbnb.com/rooms/10519
10520,Spacious Apartment in Bedford-Stuyvesant,1020,Sarah,f,Standard Host,Brooklyn,Bedford-Stuyvesant,40.70229,-73.95785,Entire home/apt,195,2,97.5,5,54,2026-07-23,2.5,1,Single Listing,Moderate ($100-$250),102,4.49,https://www.airbnb.com/rooms/10520
10521,Stunning Haven in Chelsea,1136,Charlotte,t,Superhost,Manhattan,Chelsea,40.77343,-73.9449,Private room,111,2,55.5,1,34,2026-03-18,5.27,1,Single Listing,Moderate ($100-$250),43,4.94,https://www.airbnb.com/rooms/10521
10522,Minimalist Apartment in Stapleton,1160,Mia,f,Standard Host,Staten Island,Stapleton,40.62517,-74.12762,Private room,74,3,24.67,1,9,2026-04-09,0.32,1,Single Listing,Budget (<$100),122,4.35,https://www.airbnb.com/rooms/10522
10523,Minimalist Suite in East Village,1315,Emma,t,Superhost,Manhattan,East Village,40.78174,-74.00296,Entire home/apt,328,2,164.0,3,95,2026-04-09,3.38,1,Single Listing,Luxury (>$250),207,4.96,https://www.airbnb.com/rooms/10523
10524,Boho Retreat in St. George,1083,Liam,t,Superhost,Staten Island,St. George,40.5585,-74.1461,Private room,64,2,32.0,2,73,2026-06-04,5.87,2,Small Host (2-4),Budget (<$100),70,4.94,https://www.airbnb.com/rooms/10524
10525,Sunny Room in Fordham,1250,Ava,f,Standard Host,Bronx,Fordham,40.85764,-73.86507,Entire home/apt,150,2,75.0,1,16,2026-04-17,0.45,1,Single Listing,Moderate ($100-$250),161,4.43,https://www.airbnb.com/rooms/10525
10526,Chic Apartment in Cobble Hill,1259,Jessica,f,Standard Host,Brooklyn,Cobble Hill,40.64487,-73.93385,Private room,92,3,30.67,2,2,2026-04-27,0.09,2,Small Host (2-4),Budget (<$100),127,4.55,https://www.airbnb.com/rooms/10526
10527,Charming Retreat in East Village,1116,David,f,Standard Host,Manhattan,East Village,40.77108,-73.99692,Private room,112,3,37.33,3,5,2026-07-09,0.25,1,Single Listing,Moderate ($100-$250),163,4.43,https://www.airbnb.com/rooms/10527
10528,Charming Apartment in Crown Heights,1031,Sophia,t,Superhost,Brooklyn,Crown Heights,40.68592,-73.9137,Shared room,45,2,22.5,1,49,2026-06-09,2.64,1,Single Listing,Budget (<$100),189,4.97,https://www.airbnb.com/rooms/10528
10529,Minimalist Penthouse in Astoria,1106,Benjamin,t,Superhost,Queens,Astoria,40.72221,-73.83429,Private room,58,1,58.0,3,76,2026-06-16,2.48,1,Single Listing,Budget (<$100),88,4.98,https://www.airbnb.com/rooms/10529
10530,Bright Brownstone Unit in Astoria,1239,Sophia,f,Standard Host,Queens,Astoria,40.76594,-73.84136,Entire home/apt,224,6,37.33,2,47,2026-06-08,1.95,1,Single Listing,Moderate ($100-$250),350,4.6,https://www.airbnb.com/rooms/10530
10531,Quiet Flat in Bushwick,1142,James,f,Standard Host,Brooklyn,Bushwick,40.69162,-73.95939,Private room,82,1,82.0,2,50,2026-04-18,1.39,3,Small Host (2-4),Budget (<$100),320,4.48,https://www.airbnb.com/rooms/10531
10532,Chic Studio in Park Slope,1330,Emma,f,Standard Host,Brooklyn,Park Slope,40.66171,-73.93267,Private room,97,1,97.0,4,59,2026-07-07,2.08,1,Single Listing,Budget (<$100),245,4.5,https://www.airbnb.com/rooms/10532
10533,Bright Brownstone Unit in Pelham Bay,1013,Carlos,t,Superhost,Bronx,Pelham Bay,40.84258,-73.86878,Private room,67,3,22.33,1,114,2026-04-29,8.2,1,Single Listing,Budget (<$100),290,4.95,https://www.airbnb.com/rooms/10533
10534,Stunning Penthouse in Bedford-Stuyvesant,1316,Ava,f,Standard Host,Brooklyn,Bedford-Stuyvesant,40.63993,-73.91657,Entire home/apt,112,5,22.4,2,14,2026-07-20,0.67,3,Small Host (2-4),Moderate ($100-$250),145,4.31,https://www.airbnb.com/rooms/10534
10535,Modern Penthouse in Hell's Kitchen,1166,Alex,t,Superhost,Manhattan,Hell's Kitchen,40.8097,-73.99162,Shared room,134,2,67.0,7,80,2026-06-08,9.18,3,Small Host (2-4),Moderate ($100-$250),217,4.92,https://www.airbnb.com/rooms/10535
10536,Modern Studio in Park Slope,1151,Charlotte,f,Standard Host,Brooklyn,Park Slope,40.65717,-73.92766,Private room,121,1,121.0,1,4,2026-07-16,0.11,2,Small Host (2-4),Moderate ($100-$250),341,4.47,https://www.airbnb.com/rooms/10536
10537,Luxury Penthouse in Midtown,1285,Ava,f,Standard Host,Manhattan,Midtown,40.79747,-73.98913,Entire home/apt,349,2,174.5,2,23,2026-04-26,1.36,3,Small Host (2-4),Luxury (>$250),196,4.57,https://www.airbnb.com/rooms/10537
10538,Luxury Haven in Bushwick,1127,Ava,f,Standard Host,Brooklyn,Bushwick,40.70602,-73.93123,Private room,89,1,89.0,3,120,2026-07-07,9.35,2,Small Host (2-4),Budget (<$100),293,4.59,https://www.airbnb.com/rooms/10538
10539,Luxury Haven in Midtown,1034,Jessica,t,Superhost,Manhattan,Midtown,40.7623,-73.96589,Private room,103,2,51.5,2,73,2026-06-08,10.69,12,Multi-Listing Host (5+),Moderate ($100-$250),78,4.96,https://www.airbnb.com/rooms/10539
10540,Cozy Haven in Upper West Side,1209,David,f,Standard Host,Manhattan,Upper West Side,40.74864,-73.98379,Private room,206,3,68.67,30,36,2026-07-20,3.32,3,Small Host (2-4),Moderate ($100-$250),101,4.61,https://www.airbnb.com/rooms/10540
10541,Minimalist Loft in Greenpoint,1199,Sophia,f,Standard Host,Brooklyn,Greenpoint,40.7294,-73.91211,Private room,106,2,53.0,3,18,2026-07-07,1.5,1,Single Listing,Moderate ($100-$250),51,4.58,https://www.airbnb.com/rooms/10541
10542,Sunny Loft in Williamsburg,1350,Elena,t,Superhost,Brooklyn,Williamsburg,40.66518,-73.93777,Private room,98,1,98.0,2,62,2026-06-02,5.55,1,Single Listing,Budget (<$100),284,4.97,https://www.airbnb.com/rooms/10542
10543,Rustic Apartment in Long Island City,1091,Noah,t,Superhost,Queens,Long Island City,40.69645,-73.81788,Private room,80,2,40.0,2,78,2026-07-21,4.74,1,Single Listing,Budget (<$100),61,4.98,https://www.airbnb.com/rooms/10543
10544,Boho Flat in Todt Hill,1200,Benjamin,f,Standard Host,Staten Island,Todt Hill,40.58083,-74.09709,Private room,38,2,19.0,30,6,2026-07-29,0.83,2,Small Host (2-4),Budget (<$100),255,4.39,https://www.airbnb.com/rooms/10544
10545,Rustic Brownstone Unit in Tribeca,1289,Ethan,f,Standard Host,Manhattan,Tribeca,40.80764,-73.95542,Private room,141,2,70.5,2,17,2026-06-22,0.98,1,Single Listing,Moderate ($100-$250),174,4.45,https://www.airbnb.com/rooms/10545
10546,Boho Brownstone Unit in Upper West Side,1022,Daniel,f,Standard Host,Manhattan,Upper West Side,40.75441,-73.96715,Private room,81,1,81.0,1,36,2026-07-11,4.85,1,Single Listing,Budget (<$100),285,4.36,https://www.airbnb.com/rooms/10546
10547,Boho Penthouse in Cobble Hill,1023,Daniel,t,Superhost,Brooklyn,Cobble Hill,40.6956,-73.9684,Private room,165,3,55.0,7,40,2026-05-23,3.28,3,Small Host (2-4),Moderate ($100-$250),12,4.99,https://www.airbnb.com/rooms/10547
10548,Cozy Brownstone Unit in Stapleton,1023,David,t,Superhost,Staten Island,Stapleton,40.55479,-74.13904,Private room,44,1,44.0,3,90,2026-03-28,7.41,1,Single Listing,Budget (<$100),149,4.86,https://www.airbnb.com/rooms/10548
10549,Bright Brownstone Unit in Sunnyside,1250,James,f,Standard Host,Queens,Sunnyside,40.71687,-73.73137,Private room,41,2,20.5,2,26,2026-07-20,1.26,8,Multi-Listing Host (5+),Budget (<$100),141,4.55,https://www.airbnb.com/rooms/10549
10550,Minimalist Studio in Upper West Side,1062,Liam,f,Standard Host,Manhattan,Upper West Side,40.80194,-73.97682,Entire home/apt,461,6,76.83,2,29,2026-06-05,2.19,1,Single Listing,Luxury (>$250),83,4.25,https://www.airbnb.com/rooms/10550
10551,Stunning Loft in Cobble Hill,1163,Sarah,f,Standard Host,Brooklyn,Cobble Hill,40.6799,-73.96029,Entire home/apt,125,6,20.83,3,13,2026-07-20,1.13,1,Single Listing,Moderate ($100-$250),234,4.5,https://www.airbnb.com/rooms/10551
10552,Quiet Flat in Ridgewood,1163,Sarah,t,Superhost,Queens,Ridgewood,40.78995,-73.83256,Entire home/apt,144,2,72.0,1,76,2026-05-24,2.3,1,Single Listing,Moderate ($100-$250),11,4.97,https://www.airbnb.com/rooms/10552
10553,Luxury Apartment in Chelsea,1011,Mia,f,Standard Host,Manhattan,Chelsea,40.78351,-73.97654,Private room,125,2,62.5,1,26,2026-03-03,1.32,3,Small Host (2-4),Moderate ($100-$250),284,4.52,https://www.airbnb.com/rooms/10553
10554,Quiet Haven in Harlem,1083,Elena,f,Standard Host,Manhattan,Harlem,40.8102,-73.9519,Entire home/apt,273,3,91.0,1,18,2026-06-03,1.85,1,Single Listing,Luxury (>$250),217,4.26,https://www.airbnb.com/rooms/10554
10555,Modern Haven in Brooklyn Heights,1341,Liam,t,Superhost,Brooklyn,Brooklyn Heights,40.70486,-73.95242,Entire home/apt,233,3,77.67,2,80,2026-04-29,2.51,1,Single Listing,Moderate ($100-$250),167,4.97,https://www.airbnb.com/rooms/10555
10556,Boho Flat in Hell's Kitchen,1320,Sophia,t,Superhost,Manhattan,Hell's Kitchen,40.81467,-73.98296,Private room,299,1,299.0,3,79,2026-07-03,2.95,12,Multi-Listing Host (5+),Luxury (>$250),149,4.98,https://www.airbnb.com/rooms/10556
10557,Spacious Penthouse in Park Slope,1163,Benjamin,t,Superhost,Brooklyn,Park Slope,40.63819,-73.96461,Entire home/apt,237,4,59.25,3,84,2026-07-06,2.47,1,Single Listing,Moderate ($100-$250),119,4.97,https://www.airbnb.com/rooms/10557
10558,Boho Apartment in Greenpoint,1090,Olivia,t,Superhost,Brooklyn,Greenpoint,40.64942,-73.98482,Entire home/apt,165,5,33.0,5,49,2026-07-13,1.82,8,Multi-Listing Host (5+),Moderate ($100-$250),137,4.93,https://www.airbnb.com/rooms/10558
10559,Boho Brownstone Unit in Astoria,1195,Mia,t,Superhost,Queens,Astoria,40.72878,-73.81109,Entire home/apt,122,2,61.0,1,51,2026-03-24,1.43,1,Single Listing,Moderate ($100-$250),79,4.96,https://www.airbnb.com/rooms/10559
10560,Cozy Suite in Astoria,1325,Carlos,t,Superhost,Queens,Astoria,40.67696,-73.74187,Private room,71,2,35.5,1,107,2026-03-14,3.02,3,Small Host (2-4),Budget (<$100),173,4.97,https://www.airbnb.com/rooms/10560
10561,Minimalist Brownstone Unit in DUMBO,1337,Benjamin,f,Standard Host,Brooklyn,DUMBO,40.65293,-73.9358,Entire home/apt,401,3,133.67,2,35,2026-07-04,2.48,3,Small Host (2-4),Luxury (>$250),272,4.44,https://www.airbnb.com/rooms/10561
10562,Sunny Loft in SoHo,1099,Mia,t,Superhost,Manhattan,SoHo,40.79104,-73.95878,Entire home/apt,432,2,216.0,4,71,2026-07-24,10.61,1,Single Listing,Luxury (>$250),134,4.88,https://www.airbnb.com/rooms/10562
10563,Minimalist Suite in Chelsea,1007,Carlos,f,Standard Host,Manhattan,Chelsea,40.7903,-74.01047,Entire home/apt,388,4,97.0,1,91,2026-07-27,3.21,1,Single Listing,Luxury (>$250),56,4.28,https://www.airbnb.com/rooms/10563
10564,Sunny Suite in East Village,1102,Mia,f,Standard Host,Manhattan,East Village,40.80643,-73.99244,Entire home/apt,407,2,203.5,3,17,2026-05-21,0.48,1,Single Listing,Luxury (>$250),48,4.53,https://www.airbnb.com/rooms/10564
10565,Minimalist Haven in Financial District,1112,Sophia,t,Superhost,Manhattan,Financial District,40.77713,-73.95146,Private room,159,1,159.0,4,135,2026-07-29,4.08,1,Single Listing,Moderate ($100-$250),230,4.99,https://www.airbnb.com/rooms/10565
10566,Modern Studio in East Village,1349,Charlotte,f,Standard Host,Manhattan,East Village,40.78546,-73.98552,Private room,239,1,239.0,30,16,2026-07-10,0.55,1,Single Listing,Moderate ($100-$250),107,4.45,https://www.airbnb.com/rooms/10566
10567,Modern Flat in Park Slope,1207,Benjamin,f,Standard Host,Brooklyn,Park Slope,40.65105,-73.93812,Private room,130,2,65.0,2,22,2026-07-05,2.1,3,Small Host (2-4),Moderate ($100-$250),348,4.54,https://www.airbnb.com/rooms/10567
10568,Spacious Loft in Riverdale,1173,Daniel,t,Superhost,Bronx,Riverdale,40.8716,-73.84831,Entire home/apt,145,3,48.33,1,60,2026-02-06,3.16,1,Single Listing,Moderate ($100-$250),350,4.95,https://www.airbnb.com/rooms/10568
10569,Stunning Loft in Pelham Bay,1254,Daniel,f,Standard Host,Bronx,Pelham Bay,40.83619,-73.87172,Entire home/apt,96,2,48.0,7,40,2026-04-25,1.44,1,Single Listing,Budget (<$100),199,4.56,https://www.airbnb.com/rooms/10569
10570,Rustic Suite in SoHo,1120,Carlos,f,Standard Host,Manhattan,SoHo,40.79408,-73.98309,Entire home/apt,333,6,55.5,2,28,2026-05-02,0.8,2,Small Host (2-4),Luxury (>$250),127,4.35,https://www.airbnb.com/rooms/10570
10571,Cozy Haven in Long Island City,1262,Emma,f,Standard Host,Queens,Long Island City,40.69449,-73.79248,Entire home/apt,112,2,56.0,3,27,2026-05-05,2.29,3,Small Host (2-4),Moderate ($100-$250),196,4.63,https://www.airbnb.com/rooms/10571
10572,Chic Room in Midtown,1075,James,f,Standard Host,Manhattan,Midtown,40.8052,-73.98861,Entire home/apt,527,3,175.67,1,19,2026-07-11,0.79,1,Single Listing,Luxury (>$250),109,4.51,https://www.airbnb.com/rooms/10572
10573,Modern Flat in Greenwich Village,1134,Daniel,t,Superhost,Manhattan,Greenwich Village,40.75039,-73.95401,Entire home/apt,241,2,120.5,1,41,2026-07-13,4.44,1,Single Listing,Moderate ($100-$250),320,4.94,https://www.airbnb.com/rooms/10573
10574,Chic Studio in Midtown,1189,David,t,Superhost,Manhattan,Midtown,40.75547,-73.94256,Private room,261,2,130.5,2,79,2026-07-13,11.23,1,Single Listing,Luxury (>$250),301,4.97,https://www.airbnb.com/rooms/10574
10575,Luxury Haven in Bedford-Stuyvesant,1053,Noah,t,Superhost,Brooklyn,Bedford-Stuyvesant,40.62102,-73.94301,Entire home/apt,303,4,75.75,3,64,2026-04-30,3.46,2,Small Host (2-4),Luxury (>$250),290,4.96,https://www.airbnb.com/rooms/10575
10576,Boho Brownstone Unit in Upper West Side,1013,Sarah,f,Standard Host,Manhattan,Upper West Side,40.79342,-73.97023,Private room,156,2,78.0,2,28,2026-07-02,1.12,1,Single Listing,Moderate ($100-$250),158,4.53,https://www.airbnb.com/rooms/10576
10577,Sunny Room in Williamsburg,1252,Alex,t,Superhost,Brooklyn,Williamsburg,40.68029,-73.93776,Entire home/apt,312,2,156.0,4,116,2026-04-15,6.57,1,Single Listing,Luxury (>$250),141,4.97,https://www.airbnb.com/rooms/10577
10578,Charming Penthouse in Upper West Side,1344,Noah,f,Standard Host,Manhattan,Upper West Side,40.76695,-73.99193,Shared room,82,1,82.0,3,9,2026-07-11,0.32,3,Small Host (2-4),Budget (<$100),119,4.48,https://www.airbnb.com/rooms/10578
10579,Spacious Studio in Crown Heights,1262,Alex,t,Superhost,Brooklyn,Crown Heights,40.63078,-73.96538,Entire home/apt,262,2,131.0,2,74,2026-06-23,2.2,1,Single Listing,Luxury (>$250),137,4.96,https://www.airbnb.com/rooms/10579
10580,Minimalist Suite in Ridgewood,1001,Olivia,f,Standard Host,Queens,Ridgewood,40.75274,-73.79062,Entire home/apt,138,4,34.5,1,21,2026-07-25,2.98,4,Small Host (2-4),Moderate ($100-$250),243,4.38,https://www.airbnb.com/rooms/10580
10581,Rustic Studio in Midtown,1058,Michael,f,Standard Host,Manhattan,Midtown,40.81697,-74.00289,Entire home/apt,445,3,148.33,2,34,2026-06-29,4.78,8,Multi-Listing Host (5+),Luxury (>$250),99,4.5,https://www.airbnb.com/rooms/10581
10582,Bright Studio in DUMBO,1137,Alex,f,Standard Host,Brooklyn,DUMBO,40.65299,-73.95413,Entire home/apt,116,8,14.5,3,12,2026-06-13,0.38,2,Small Host (2-4),Moderate ($100-$250),128,4.63,https://www.airbnb.com/rooms/10582
10583,Quiet Penthouse in East Village,1084,Elena,f,Standard Host,Manhattan,East Village,40.76508,-73.98396,Entire home/apt,245,3,81.67,4,54,2026-04-23,3.66,2,Small Host (2-4),Moderate ($100-$250),263,4.41,https://www.airbnb.com/rooms/10583
10584,Quiet Loft in Mott Haven,1184,Benjamin,f,Standard Host,Bronx,Mott Haven,40.84126,-73.8981,Entire home/apt,67,3,22.33,2,46,2026-04-09,1.62,2,Small Host (2-4),Budget (<$100),115,4.48,https://www.airbnb.com/rooms/10584
10585,Bright Suite in Astoria,1295,Alex,t,Superhost,Queens,Astoria,40.76573,-73.79714,Entire home/apt,267,4,66.75,3,92,2026-07-26,3.22,1,Single Listing,Luxury (>$250),242,4.96,https://www.airbnb.com/rooms/10585
10586,Bright Flat in Cobble Hill,1157,Emily,f,Standard Host,Brooklyn,Cobble Hill,40.66365,-73.93518,Private room,63,1,63.0,7,13,2026-07-25,0.66,1,Single Listing,Budget (<$100),348,4.33,https://www.airbnb.com/rooms/10586
10587,Quiet Studio in Greenwich Village,1245,Charlotte,f,Standard Host,Manhattan,Greenwich Village,40.77107,-73.95916,Private room,208,2,104.0,7,21,2026-06-09,1.12,12,Multi-Listing Host (5+),Moderate ($100-$250),261,4.35,https://www.airbnb.com/rooms/10587
10588,Stunning Loft in Mott Haven,1324,Emma,f,Standard Host,Bronx,Mott Haven,40.84141,-73.88954,Entire home/apt,111,4,27.75,7,15,2026-07-24,2.38,4,Small Host (2-4),Moderate ($100-$250),24,4.56,https://www.airbnb.com/rooms/10588
10589,Minimalist Apartment in Brooklyn Heights,1275,Sarah,t,Superhost,Brooklyn,Brooklyn Heights,40.67321,-73.91233,Private room,86,1,86.0,2,71,2026-07-28,2.03,1,Single Listing,Budget (<$100),137,4.94,https://www.airbnb.com/rooms/10589
10590,Chic Penthouse in Williamsburg,1299,Mia,t,Superhost,Brooklyn,Williamsburg,40.67658,-73.94994,Private room,136,2,68.0,2,94,2026-06-28,4.11,1,Single Listing,Moderate ($100-$250),230,4.89,https://www.airbnb.com/rooms/10590
10591,Charming Haven in Bushwick,1217,Michael,t,Superhost,Brooklyn,Bushwick,40.67251,-73.941,Entire home/apt,314,2,157.0,2,67,2026-05-28,2.9,1,Single Listing,Luxury (>$250),289,4.99,https://www.airbnb.com/rooms/10591
10592,Stunning Suite in Harlem,1104,David,t,Superhost,Manhattan,Harlem,40.77713,-73.97983,Entire home/apt,312,4,78.0,5,66,2026-07-11,3.01,4,Small Host (2-4),Luxury (>$250),173,4.95,https://www.airbnb.com/rooms/10592
10593,Quiet Studio in Hell's Kitchen,1284,Ava,f,Standard Host,Manhattan,Hell's Kitchen,40.76935,-73.96931,Entire home/apt,209,2,104.5,3,10,2026-06-30,0.4,2,Small Host (2-4),Moderate ($100-$250),125,4.59,https://www.airbnb.com/rooms/10593
10594,Stunning Loft in Williamsburg,1344,Elena,f,Standard Host,Brooklyn,Williamsburg,40.63537,-73.91426,Entire home/apt,128,4,32.0,1,88,2026-05-09,3.47,1,Single Listing,Moderate ($100-$250),316,4.23,https://www.airbnb.com/rooms/10594
10595,Minimalist Flat in Williamsburg,1075,Sarah,t,Superhost,Brooklyn,Williamsburg,40.65033,-73.92826,Private room,58,1,58.0,3,77,2026-05-24,2.4,1,Single Listing,Budget (<$100),319,4.94,https://www.airbnb.com/rooms/10595
10596,Sunny Retreat in SoHo,1265,Charlotte,f,Standard Host,Manhattan,SoHo,40.79112,-73.95169,Entire home/apt,368,2,184.0,2,16,2026-06-12,0.48,1,Single Listing,Luxury (>$250),166,4.48,https://www.airbnb.com/rooms/10596
10597,Sunny Apartment in DUMBO,1314,David,f,Standard Host,Brooklyn,DUMBO,40.67591,-73.91805,Private room,114,2,57.0,1,50,2026-07-12,1.81,2,Small Host (2-4),Moderate ($100-$250),316,4.39,https://www.airbnb.com/rooms/10597
10598,Chic Flat in Jackson Heights,1139,Ethan,f,Standard Host,Queens,Jackson Heights,40.77065,-73.81742,Entire home/apt,136,3,45.33,1,16,2026-04-23,2.0,1,Single Listing,Moderate ($100-$250),263,4.36,https://www.airbnb.com/rooms/10598
10599,Boho Flat in Ridgewood,1219,Mia,f,Standard Host,Queens,Ridgewood,40.70997,-73.80312,Entire home/apt,118,3,39.33,3,12,2026-02-26,0.41,1,Single Listing,Moderate ($100-$250),114,4.49,https://www.airbnb.com/rooms/10599
10600,Rustic Studio in East Village,1221,Emily,t,Superhost,Manhattan,East Village,40.78968,-73.98584,Entire home/apt,516,4,129.0,5,80,2026-07-18,5.16,1,Single Listing,Luxury (>$250),206,4.98,https://www.airbnb.com/rooms/10600
10601,Spacious Brownstone Unit in Mott Haven,1249,Emma,t,Superhost,Bronx,Mott Haven,40.81992,-73.87675,Shared room,35,2,17.5,2,50,2026-06-08,2.14,1,Single Listing,Budget (<$100),119,4.97,https://www.airbnb.com/rooms/10601
10602,Boho Brownstone Unit in Brooklyn Heights,1195,Alex,f,Standard Host,Brooklyn,Brooklyn Heights,40.70547,-73.91355,Private room,169,1,169.0,3,64,2026-07-04,2.64,3,Small Host (2-4),Moderate ($100-$250),317,4.38,https://www.airbnb.com/rooms/10602
10603,Charming Penthouse in Greenwich Village,1128,Olivia,f,Standard Host,Manhattan,Greenwich Village,40.78772,-73.95446,Entire home/apt,561,3,187.0,2,47,2026-06-28,7.11,1,Single Listing,Luxury (>$250),227,4.45,https://www.airbnb.com/rooms/10603
10604,Quiet Room in SoHo,1113,Ethan,f,Standard Host,Manhattan,SoHo,40.74775,-73.95802,Entire home/apt,256,4,64.0,2,69,2026-02-21,8.24,1,Single Listing,Luxury (>$250),160,4.42,https://www.airbnb.com/rooms/10604
10605,Spacious Room in Long Island City,1119,Michael,f,Standard Host,Queens,Long Island City,40.7316,-73.7692,Private room,73,2,36.5,3,88,2026-01-18,13.51,1,Single Listing,Budget (<$100),49,4.44,https://www.airbnb.com/rooms/10605
10606,Rustic Penthouse in Long Island City,1189,Jessica,t,Superhost,Queens,Long Island City,40.6687,-73.84585,Private room,64,3,21.33,1,123,2026-07-30,12.24,1,Single Listing,Budget (<$100),77,4.95,https://www.airbnb.com/rooms/10606
10607,Bright Brownstone Unit in DUMBO,1128,Jessica,f,Standard Host,Brooklyn,DUMBO,40.65142,-73.93775,Private room,127,2,63.5,4,0,No Reviews,0.0,1,Single Listing,Moderate ($100-$250),212,4.25,https://www.airbnb.com/rooms/10607
10608,Quiet Brownstone Unit in Sunnyside,1311,Ethan,f,Standard Host,Queens,Sunnyside,40.74015,-73.72506,Entire home/apt,111,4,27.75,2,56,2026-06-08,4.59,1,Single Listing,Moderate ($100-$250),162,4.44,https://www.airbnb.com/rooms/10608
10609,Modern Loft in SoHo,1111,Sophia,f,Standard Host,Manhattan,SoHo,40.80596,-73.96775,Private room,88,2,44.0,1,65,2026-07-19,3.79,1,Single Listing,Budget (<$100),36,4.42,https://www.airbnb.com/rooms/10609
10610,Bright Retreat in Midtown,1222,Michael,f,Standard Host,Manhattan,Midtown,40.79137,-73.99709,Private room,257,1,257.0,1,30,2026-03-01,2.54,1,Single Listing,Luxury (>$250),61,4.53,https://www.airbnb.com/rooms/10610
10611,Modern Brownstone Unit in Midtown,1230,Liam,t,Superhost,Manhattan,Midtown,40.75492,-73.97289,Entire home/apt,284,4,71.0,2,65,2026-05-28,3.03,1,Single Listing,Luxury (>$250),299,4.91,https://www.airbnb.com/rooms/10611
10612,Charming Haven in Hell's Kitchen,1101,Michael,f,Standard Host,Manhattan,Hell's Kitchen,40.79769,-73.9745,Entire home/apt,180,2,90.0,30,24,2026-07-18,0.67,3,Small Host (2-4),Moderate ($100-$250),93,4.51,https://www.airbnb.com/rooms/10612
10613,Minimalist Suite in Long Island City,1253,Emma,t,Superhost,Queens,Long Island City,40.6453,-73.77817,Private room,108,2,54.0,2,79,2026-04-15,3.03,2,Small Host (2-4),Moderate ($100-$250),152,4.94,https://www.airbnb.com/rooms/10613
10614,Spacious Retreat in Midtown,1154,Mia,f,Standard Host,Manhattan,Midtown,40.76673,-73.98579,Private room,155,3,51.67,30,5,2026-07-18,0.16,3,Small Host (2-4),Moderate ($100-$250),247,4.37,https://www.airbnb.com/rooms/10614
10615,Stunning Brownstone Unit in Park Slope,1042,Emily,t,Superhost,Brooklyn,Park Slope,40.67698,-73.97024,Entire home/apt,258,3,86.0,1,61,2026-02-16,8.82,1,Single Listing,Luxury (>$250),130,4.98,https://www.airbnb.com/rooms/10615
10616,Cozy Studio in Park Slope,1085,Carlos,t,Superhost,Brooklyn,Park Slope,40.67417,-73.96077,Entire home/apt,256,3,85.33,30,65,2026-07-27,3.13,1,Single Listing,Luxury (>$250),341,5.0,https://www.airbnb.com/rooms/10616
10617,Spacious Haven in Williamsburg,1183,Ethan,t,Superhost,Brooklyn,Williamsburg,40.72615,-73.89085,Entire home/apt,216,2,108.0,1,152,2026-04-15,10.31,1,Single Listing,Moderate ($100-$250),323,4.96,https://www.airbnb.com/rooms/10617
10618,Luxury Room in DUMBO,1255,Charlotte,t,Superhost,Brooklyn,DUMBO,40.68887,-73.92043,Entire home/apt,381,2,190.5,5,66,2026-05-30,4.34,2,Small Host (2-4),Luxury (>$250),224,4.95,https://www.airbnb.com/rooms/10618
10619,Charming Suite in Crown Heights,1041,Sarah,f,Standard Host,Brooklyn,Crown Heights,40.67903,-73.93004,Entire home/apt,269,2,134.5,3,10,2026-07-25,0.52,2,Small Host (2-4),Luxury (>$250),292,4.46,https://www.airbnb.com/rooms/10619
10620,Minimalist Flat in Forest Hills,1034,Sarah,t,Superhost,Queens,Forest Hills,40.7487,-73.77779,Entire home/apt,163,6,27.17,2,56,2026-07-24,3.57,2,Small Host (2-4),Moderate ($100-$250),226,4.96,https://www.airbnb.com/rooms/10620
10621,Cozy Loft in Long Island City,1213,Michael,f,Standard Host,Queens,Long Island City,40.7806,-73.79245,Shared room,52,3,17.33,3,15,2026-06-03,0.52,1,Single Listing,Budget (<$100),324,4.48,https://www.airbnb.com/rooms/10621
10622,Cozy Brownstone Unit in Cobble Hill,1259,James,f,Standard Host,Brooklyn,Cobble Hill,40.71985,-73.93998,Private room,113,2,56.5,4,39,2026-06-16,1.74,1,Single Listing,Moderate ($100-$250),32,4.54,https://www.airbnb.com/rooms/10622
10623,Charming Retreat in Bushwick,1312,Ethan,t,Superhost,Brooklyn,Bushwick,40.62755,-73.93602,Private room,78,1,78.0,2,60,2026-07-02,3.08,2,Small Host (2-4),Budget (<$100),48,4.99,https://www.airbnb.com/rooms/10623
10624,Luxury Studio in Ridgewood,1328,Olivia,f,Standard Host,Queens,Ridgewood,40.71049,-73.78984,Private room,62,2,31.0,3,29,2026-07-03,0.86,1,Single Listing,Budget (<$100),100,4.34,https://www.airbnb.com/rooms/10624
10625,Modern Loft in Bushwick,1051,David,f,Standard Host,Brooklyn,Bushwick,40.66928,-73.92768,Entire home/apt,230,4,57.5,3,16,2025-07-28,1.09,1,Single Listing,Moderate ($100-$250),337,4.48,https://www.airbnb.com/rooms/10625
10626,Minimalist Suite in Astoria,1139,Jessica,t,Superhost,Queens,Astoria,40.74999,-73.78428,Private room,70,2,35.0,4,46,2026-07-27,3.21,1,Single Listing,Budget (<$100),190,4.99,https://www.airbnb.com/rooms/10626
10627,Luxury Flat in DUMBO,1045,Michael,t,Superhost,Brooklyn,DUMBO,40.66971,-73.99852,Private room,63,1,63.0,2,52,2026-07-26,1.81,1,Single Listing,Budget (<$100),216,4.97,https://www.airbnb.com/rooms/10627
10628,Spacious Flat in Bushwick,1254,Ava,f,Standard Host,Brooklyn,Bushwick,40.67291,-73.90335,Private room,85,1,85.0,7,42,2026-01-04,1.35,1,Single Listing,Budget (<$100),53,4.26,https://www.airbnb.com/rooms/10628
10629,Charming Penthouse in Bushwick,1283,Carlos,t,Superhost,Brooklyn,Bushwick,40.65457,-73.9598,Private room,120,2,60.0,3,56,2025-07-11,2.16,12,Multi-Listing Host (5+),Moderate ($100-$250),204,4.98,https://www.airbnb.com/rooms/10629
10630,Spacious Apartment in Astoria,1154,Sophia,t,Superhost,Queens,Astoria,40.68653,-73.76672,Entire home/apt,148,8,18.5,1,62,2026-07-27,3.67,1,Single Listing,Moderate ($100-$250),180,4.95,https://www.airbnb.com/rooms/10630
10631,Sunny Brownstone Unit in Bushwick,1282,Ava,f,Standard Host,Brooklyn,Bushwick,40.68053,-73.92422,Private room,77,1,77.0,7,8,2026-08-01,0.23,1,Single Listing,Budget (<$100),31,4.55,https://www.airbnb.com/rooms/10631
10632,Quiet Studio in DUMBO,1127,Michael,t,Superhost,Brooklyn,DUMBO,40.6213,-73.91208,Private room,216,1,216.0,5,149,2026-05-13,15.2,1,Single Listing,Moderate ($100-$250),270,4.94,https://www.airbnb.com/rooms/10632
10633,Rustic Haven in DUMBO,1253,Ava,t,Superhost,Brooklyn,DUMBO,40.64236,-73.96294,Private room,82,2,41.0,7,115,2026-06-05,8.17,1,Single Listing,Budget (<$100),225,4.95,https://www.airbnb.com/rooms/10633
10634,Cozy Brownstone Unit in East Village,1066,Ethan,t,Superhost,Manhattan,East Village,40.77015,-73.982,Entire home/apt,386,4,96.5,3,45,2026-06-11,1.29,2,Small Host (2-4),Luxury (>$250),66,4.98,https://www.airbnb.com/rooms/10634
10635,Charming Studio in Chelsea,1064,Elena,t,Superhost,Manhattan,Chelsea,40.77244,-73.96752,Private room,120,2,60.0,2,70,2026-05-28,2.21,1,Single Listing,Moderate ($100-$250),150,4.97,https://www.airbnb.com/rooms/10635
10636,Quiet Room in Bedford-Stuyvesant,1235,Noah,t,Superhost,Brooklyn,Bedford-Stuyvesant,40.64638,-73.89564,Entire home/apt,303,3,101.0,2,58,2026-05-31,3.53,3,Small Host (2-4),Luxury (>$250),151,4.92,https://www.airbnb.com/rooms/10636
10637,Spacious Suite in Chelsea,1331,Mia,f,Standard Host,Manhattan,Chelsea,40.77319,-73.96714,Private room,86,3,28.67,2,10,2026-07-10,0.47,1,Single Listing,Budget (<$100),42,4.57,https://www.airbnb.com/rooms/10637
10638,Boho Brownstone Unit in Flushing,1285,Charlotte,f,Standard Host,Queens,Flushing,40.71447,-73.77639,Private room,36,3,12.0,1,47,2026-05-07,3.09,1,Single Listing,Budget (<$100),149,4.55,https://www.airbnb.com/rooms/10638
10639,Chic Haven in Greenpoint,1126,Carlos,t,Superhost,Brooklyn,Greenpoint,40.70145,-73.92816,Entire home/apt,178,3,59.33,2,62,2026-06-25,8.47,1,Single Listing,Moderate ($100-$250),47,4.98,https://www.airbnb.com/rooms/10639
10640,Bright Room in Crown Heights,1132,Alex,f,Standard Host,Brooklyn,Crown Heights,40.68152,-73.94552,Entire home/apt,156,3,52.0,3,100,2026-06-08,7.4,1,Single Listing,Moderate ($100-$250),133,4.32,https://www.airbnb.com/rooms/10640
10641,Cozy Apartment in Williamsburg,1211,Carlos,t,Superhost,Brooklyn,Williamsburg,40.70413,-73.95716,Hotel room,274,3,91.33,1,160,2026-05-27,6.91,1,Single Listing,Luxury (>$250),90,4.91,https://www.airbnb.com/rooms/10641
10642,Cozy Apartment in Chelsea,1231,Emily,f,Standard Host,Manhattan,Chelsea,40.80907,-73.9658,Entire home/apt,390,2,195.0,5,52,2026-05-24,2.74,1,Single Listing,Luxury (>$250),91,4.32,https://www.airbnb.com/rooms/10642
10643,Modern Flat in Tribeca,1044,Jessica,t,Superhost,Manhattan,Tribeca,40.80055,-73.9369,Entire home/apt,414,2,207.0,7,112,2026-03-17,3.3,3,Small Host (2-4),Luxury (>$250),178,4.92,https://www.airbnb.com/rooms/10643
10644,Luxury Retreat in Crown Heights,1228,James,t,Superhost,Brooklyn,Crown Heights,40.68956,-73.91901,Private room,96,2,48.0,2,154,2026-07-27,7.72,3,Small Host (2-4),Budget (<$100),74,4.97,https://www.airbnb.com/rooms/10644
10645,Stunning Suite in Mott Haven,1070,Sarah,f,Standard Host,Bronx,Mott Haven,40.82617,-73.87218,Private room,49,2,24.5,1,38,2026-07-08,2.76,1,Single Listing,Budget (<$100),101,4.46,https://www.airbnb.com/rooms/10645
10646,Bright Flat in Chelsea,1227,Michael,f,Standard Host,Manhattan,Chelsea,40.79343,-73.97394,Entire home/apt,256,4,64.0,1,7,2026-04-24,1.04,1,Single Listing,Luxury (>$250),175,4.62,https://www.airbnb.com/rooms/10646
10647,Charming Haven in Chelsea,1276,Elena,t,Superhost,Manhattan,Chelsea,40.74718,-73.96684,Entire home/apt,368,4,92.0,3,48,2026-04-23,5.61,1,Single Listing,Luxury (>$250),305,4.9,https://www.airbnb.com/rooms/10647
10648,Rustic Loft in Bushwick,1319,Sarah,t,Superhost,Brooklyn,Bushwick,40.67708,-73.91693,Entire home/apt,390,3,130.0,1,75,2026-05-16,8.66,1,Single Listing,Luxury (>$250),86,4.96,https://www.airbnb.com/rooms/10648
10649,Minimalist Retreat in Harlem,1190,Sarah,t,Superhost,Manhattan,Harlem,40.79017,-73.99408,Hotel room,412,5,82.4,3,36,2026-06-13,1.14,2,Small Host (2-4),Luxury (>$250),18,4.98,https://www.airbnb.com/rooms/10649
10650,Luxury Retreat in East Village,1201,James,f,Standard Host,Manhattan,East Village,40.76417,-73.93779,Private room,175,1,175.0,2,34,2026-02-22,1.62,2,Small Host (2-4),Moderate ($100-$250),203,4.52,https://www.airbnb.com/rooms/10650
10651,Charming Room in Park Slope,1205,Charlotte,f,Standard Host,Brooklyn,Park Slope,40.67658,-73.92979,Entire home/apt,121,4,30.25,5,44,2026-05-17,4.44,1,Single Listing,Moderate ($100-$250),230,4.21,https://www.airbnb.com/rooms/10651
10652,Stunning Brownstone Unit in Midtown,1200,Jessica,t,Superhost,Manhattan,Midtown,40.77918,-73.96394,Hotel room,294,5,58.8,1,102,2026-05-25,6.3,2,Small Host (2-4),Luxury (>$250),21,4.96,https://www.airbnb.com/rooms/10652
10653,Boho Studio in Upper West Side,1272,Noah,f,Standard Host,Manhattan,Upper West Side,40.79875,-73.98939,Shared room,75,1,75.0,3,15,2026-06-06,1.5,1,Single Listing,Budget (<$100),184,4.52,https://www.airbnb.com/rooms/10653
10654,Rustic Suite in Todt Hill,1182,Daniel,f,Standard Host,Staten Island,Todt Hill,40.59137,-74.14629,Entire home/apt,243,2,121.5,2,19,2026-06-08,2.15,1,Single Listing,Moderate ($100-$250),73,4.55,https://www.airbnb.com/rooms/10654
10655,Bright Retreat in East Village,1208,Carlos,f,Standard Host,Manhattan,East Village,40.77406,-73.98093,Entire home/apt,273,2,136.5,30,7,2026-07-26,0.2,2,Small Host (2-4),Luxury (>$250),218,4.49,https://www.airbnb.com/rooms/10655
10656,Rustic Loft in Astoria,1016,Ethan,t,Superhost,Queens,Astoria,40.73262,-73.77747,Entire home/apt,137,5,27.4,1,45,2026-05-21,2.23,2,Small Host (2-4),Moderate ($100-$250),155,4.97,https://www.airbnb.com/rooms/10656
10657,Rustic Apartment in Pelham Bay,1201,Elena,f,Standard Host,Bronx,Pelham Bay,40.88063,-73.88548,Private room,54,1,54.0,2,38,2026-07-17,2.57,3,Small Host (2-4),Budget (<$100),185,4.49,https://www.airbnb.com/rooms/10657
10658,Bright Studio in Park Slope,1111,Charlotte,f,Standard Host,Brooklyn,Park Slope,40.67166,-73.92856,Entire home/apt,366,2,183.0,1,15,2026-05-15,0.53,1,Single Listing,Luxury (>$250),284,4.51,https://www.airbnb.com/rooms/10658
10659,Charming Penthouse in Forest Hills,1203,Sophia,f,Standard Host,Queens,Forest Hills,40.78089,-73.78782,Entire home/apt,227,5,45.4,1,9,2026-05-11,0.58,2,Small Host (2-4),Moderate ($100-$250),99,4.53,https://www.airbnb.com/rooms/10659
10660,Boho Retreat in Greenwich Village,1249,Mia,f,Standard Host,Manhattan,Greenwich Village,40.79194,-73.98391,Private room,136,2,68.0,2,17,2026-05-03,0.48,1,Single Listing,Moderate ($100-$250),131,4.35,https://www.airbnb.com/rooms/10660
10661,Stunning Room in Cobble Hill,1192,Charlotte,f,Standard Host,Brooklyn,Cobble Hill,40.68323,-73.93839,Entire home/apt,165,2,82.5,1,48,2026-07-12,1.59,2,Small Host (2-4),Moderate ($100-$250),18,4.31,https://www.airbnb.com/rooms/10661
10662,Chic Room in Bedford-Stuyvesant,1321,Sophia,f,Standard Host,Brooklyn,Bedford-Stuyvesant,40.65444,-73.97185,Private room,122,2,61.0,30,22,2026-05-25,0.79,1,Single Listing,Moderate ($100-$250),243,4.38,https://www.airbnb.com/rooms/10662
10663,Chic Studio in SoHo,1076,Carlos,f,Standard Host,Manhattan,SoHo,40.7581,-73.9848,Private room,153,1,153.0,4,35,2026-05-03,2.76,1,Single Listing,Moderate ($100-$250),230,4.37,https://www.airbnb.com/rooms/10663
10664,Chic Apartment in Midtown,1061,Benjamin,f,Standard Host,Manhattan,Midtown,40.74172,-73.94861,Entire home/apt,288,8,36.0,2,4,2026-06-07,0.15,3,Small Host (2-4),Luxury (>$250),134,4.48,https://www.airbnb.com/rooms/10664
10665,Quiet Penthouse in Cobble Hill,1002,Elena,f,Standard Host,Brooklyn,Cobble Hill,40.68029,-73.99169,Hotel room,259,6,43.17,1,48,2026-06-28,1.83,1,Single Listing,Luxury (>$250),291,4.4,https://www.airbnb.com/rooms/10665
10666,Charming Studio in East Village,1219,Emma,f,Standard Host,Manhattan,East Village,40.79058,-73.95881,Private room,123,2,61.5,1,10,2026-06-16,0.71,3,Small Host (2-4),Moderate ($100-$250),169,4.53,https://www.airbnb.com/rooms/10666
10667,Spacious Brownstone Unit in Jackson Heights,1004,Noah,f,Standard Host,Queens,Jackson Heights,40.76131,-73.80357,Entire home/apt,149,3,49.67,30,5,2026-07-08,0.16,1,Single Listing,Moderate ($100-$250),23,4.61,https://www.airbnb.com/rooms/10667
10668,Charming Brownstone Unit in DUMBO,1165,Sarah,f,Standard Host,Brooklyn,DUMBO,40.67226,-73.91332,Entire home/apt,253,5,50.6,7,90,2026-07-14,3.58,1,Single Listing,Luxury (>$250),235,4.62,https://www.airbnb.com/rooms/10668
10669,Chic Retreat in Hell's Kitchen,1211,David,f,Standard Host,Manhattan,Hell's Kitchen,40.8073,-73.99242,Private room,120,1,120.0,1,91,2026-02-21,3.96,1,Single Listing,Moderate ($100-$250),144,4.27,https://www.airbnb.com/rooms/10669
10670,Spacious Suite in Chelsea,1068,Carlos,t,Superhost,Manhattan,Chelsea,40.7801,-73.9642,Entire home/apt,490,6,81.67,1,53,2026-05-26,1.59,1,Single Listing,Luxury (>$250),93,4.98,https://www.airbnb.com/rooms/10670
10671,Cozy Loft in Crown Heights,1240,Mia,f,Standard Host,Brooklyn,Crown Heights,40.70992,-74.00629,Entire home/apt,170,8,21.25,1,26,2026-06-11,2.35,1,Single Listing,Moderate ($100-$250),212,4.43,https://www.airbnb.com/rooms/10671
10672,Modern Loft in DUMBO,1129,Emma,f,Standard Host,Brooklyn,DUMBO,40.68962,-73.92584,Entire home/apt,198,3,66.0,7,55,2026-03-28,2.18,1,Single Listing,Moderate ($100-$250),311,4.59,https://www.airbnb.com/rooms/10672
10673,Sunny Suite in DUMBO,1280,Carlos,f,Standard Host,Brooklyn,DUMBO,40.61127,-73.95241,Entire home/apt,189,3,63.0,3,15,2026-07-21,0.48,1,Single Listing,Moderate ($100-$250),173,4.49,https://www.airbnb.com/rooms/10673
10674,Cozy Penthouse in Brooklyn Heights,1302,Ava,f,Standard Host,Brooklyn,Brooklyn Heights,40.64429,-73.93899,Private room,91,2,45.5,4,46,2026-07-01,3.52,3,Small Host (2-4),Budget (<$100),85,4.47,https://www.airbnb.com/rooms/10674
10675,Rustic Brownstone Unit in Park Slope,1093,Emily,f,Standard Host,Brooklyn,Park Slope,40.66804,-73.94685,Private room,168,1,168.0,1,46,2026-02-17,1.8,1,Single Listing,Moderate ($100-$250),302,4.57,https://www.airbnb.com/rooms/10675
10676,Chic Brownstone Unit in Concourse,1350,James,t,Superhost,Bronx,Concourse,40.89721,-73.84028,Private room,49,2,24.5,30,78,2026-04-27,2.47,2,Small Host (2-4),Budget (<$100),127,4.99,https://www.airbnb.com/rooms/10676
10677,Quiet Haven in Todt Hill,1311,Carlos,f,Standard Host,Staten Island,Todt Hill,40.55875,-74.15116,Entire home/apt,99,4,24.75,1,7,2026-02-28,0.8,1,Single Listing,Budget (<$100),288,4.62,https://www.airbnb.com/rooms/10677
10678,Cozy Retreat in Harlem,1040,Charlotte,t,Superhost,Manhattan,Harlem,40.78066,-73.94392,Entire home/apt,368,4,92.0,2,77,2026-07-09,2.48,12,Multi-Listing Host (5+),Luxury (>$250),262,4.9,https://www.airbnb.com/rooms/10678
10679,Bright Penthouse in Tribeca,1122,Elena,t,Superhost,Manhattan,Tribeca,40.81183,-73.97108,Private room,330,1,330.0,1,64,2026-07-25,9.25,1,Single Listing,Luxury (>$250),287,4.92,https://www.airbnb.com/rooms/10679
10680,Luxury Retreat in Flushing,1304,Liam,t,Superhost,Queens,Flushing,40.74009,-73.79543,Entire home/apt,353,3,117.67,2,113,2026-07-14,4.85,3,Small Host (2-4),Luxury (>$250),123,4.98,https://www.airbnb.com/rooms/10680
10681,Sunny Loft in Concourse,1041,Carlos,t,Superhost,Bronx,Concourse,40.86152,-73.87209,Entire home/apt,103,5,20.6,2,51,2026-05-22,4.03,2,Small Host (2-4),Moderate ($100-$250),321,4.98,https://www.airbnb.com/rooms/10681
10682,Spacious Haven in Tribeca,1014,Mia,f,Standard Host,Manhattan,Tribeca,40.7374,-73.94646,Entire home/apt,416,8,52.0,2,2,2026-05-26,0.21,1,Single Listing,Luxury (>$250),305,4.54,https://www.airbnb.com/rooms/10682
10683,Chic Loft in Bedford-Stuyvesant,1298,Emily,t,Superhost,Brooklyn,Bedford-Stuyvesant,40.70725,-73.93539,Private room,122,1,122.0,7,60,2026-07-05,2.15,1,Single Listing,Moderate ($100-$250),224,4.97,https://www.airbnb.com/rooms/10683
10684,Chic Haven in Greenwich Village,1318,James,f,Standard Host,Manhattan,Greenwich Village,40.77143,-73.98773,Entire home/apt,326,2,163.0,2,87,2026-07-04,7.69,2,Small Host (2-4),Luxury (>$250),72,4.57,https://www.airbnb.com/rooms/10684
10685,Charming Room in Bedford-Stuyvesant,1121,Noah,f,Standard Host,Brooklyn,Bedford-Stuyvesant,40.67834,-73.9471,Entire home/apt,177,6,29.5,2,10,2026-05-05,0.64,1,Single Listing,Moderate ($100-$250),240,4.51,https://www.airbnb.com/rooms/10685
10686,Minimalist Brownstone Unit in Long Island City,1343,James,f,Standard Host,Queens,Long Island City,40.74278,-73.82211,Entire home/apt,137,3,45.67,30,36,2026-07-24,3.18,8,Multi-Listing Host (5+),Moderate ($100-$250),70,4.42,https://www.airbnb.com/rooms/10686
10687,Stunning Studio in St. George,1022,David,f,Standard Host,Staten Island,St. George,40.6115,-74.11338,Private room,56,1,56.0,1,15,2026-04-02,0.5,1,Single Listing,Budget (<$100),12,4.15,https://www.airbnb.com/rooms/10687
10688,Modern Penthouse in Park Slope,1156,Olivia,f,Standard Host,Brooklyn,Park Slope,40.714,-73.9591,Entire home/apt,185,3,61.67,3,22,2026-02-03,1.14,2,Small Host (2-4),Moderate ($100-$250),86,4.47,https://www.airbnb.com/rooms/10688
10689,Cozy Loft in Forest Hills,1036,Noah,t,Superhost,Queens,Forest Hills,40.70889,-73.85937,Entire home/apt,132,5,26.4,3,44,2026-06-03,1.74,1,Single Listing,Moderate ($100-$250),40,4.95,https://www.airbnb.com/rooms/10689
10690,Charming Haven in Park Slope,1238,Elena,t,Superhost,Brooklyn,Park Slope,40.63441,-73.94535,Private room,132,1,132.0,3,72,2026-07-09,3.53,1,Single Listing,Moderate ($100-$250),195,4.87,https://www.airbnb.com/rooms/10690
10691,Bright Suite in Harlem,1317,Michael,f,Standard Host,Manhattan,Harlem,40.81416,-74.00746,Entire home/apt,245,5,49.0,3,53,2026-07-29,2.64,1,Single Listing,Moderate ($100-$250),111,4.47,https://www.airbnb.com/rooms/10691
10692,Modern Penthouse in Concourse,1167,Jessica,t,Superhost,Bronx,Concourse,40.82555,-73.81578,Private room,46,2,23.0,1,80,2026-06-01,3.4,1,Single Listing,Budget (<$100),291,4.9,https://www.airbnb.com/rooms/10692
10693,Minimalist Haven in Crown Heights,1164,Ava,f,Standard Host,Brooklyn,Crown Heights,40.69024,-73.9919,Private room,140,1,140.0,7,27,2026-07-08,4.1,2,Small Host (2-4),Moderate ($100-$250),305,4.48,https://www.airbnb.com/rooms/10693
10694,Chic Retreat in Bushwick,1299,Benjamin,t,Superhost,Brooklyn,Bushwick,40.70608,-73.93269,Private room,152,2,76.0,1,70,2026-05-17,2.1,1,Single Listing,Moderate ($100-$250),177,4.93,https://www.airbnb.com/rooms/10694
10695,Boho Suite in Harlem,1069,Elena,f,Standard Host,Manhattan,Harlem,40.81263,-73.96594,Shared room,98,2,49.0,2,12,2026-06-19,0.37,1,Single Listing,Budget (<$100),301,4.37,https://www.airbnb.com/rooms/10695
10696,Modern Suite in Greenpoint,1274,Liam,f,Standard Host,Brooklyn,Greenpoint,40.65431,-73.95587,Entire home/apt,150,5,30.0,2,2,2026-07-09,0.07,3,Small Host (2-4),Moderate ($100-$250),187,4.57,https://www.airbnb.com/rooms/10696
10697,Rustic Haven in Ridgewood,1077,Ethan,t,Superhost,Queens,Ridgewood,40.77668,-73.83081,Entire home/apt,269,6,44.83,30,90,2026-06-11,2.7,1,Single Listing,Luxury (>$250),52,4.99,https://www.airbnb.com/rooms/10697
10698,Cozy Loft in East Village,1078,Emma,t,Superhost,Manhattan,East Village,40.77121,-73.96734,Entire home/apt,371,2,185.5,2,92,2026-07-25,10.6,4,Small Host (2-4),Luxury (>$250),76,4.93,https://www.airbnb.com/rooms/10698
10699,Minimalist Room in Williamsburg,1271,Benjamin,f,Standard Host,Brooklyn,Williamsburg,40.64038,-73.93098,Private room,62,1,62.0,5,4,2026-03-29,0.2,1,Single Listing,Budget (<$100),276,4.43,https://www.airbnb.com/rooms/10699
10700,Spacious Studio in East Village,1321,Noah,t,Superhost,Manhattan,East Village,40.76052,-73.97879,Private room,291,1,291.0,30,27,2026-07-05,1.0,3,Small Host (2-4),Luxury (>$250),204,4.86,https://www.airbnb.com/rooms/10700
10701,Bright Apartment in Long Island City,1299,Mia,f,Standard Host,Queens,Long Island City,40.71987,-73.83291,Entire home/apt,143,5,28.6,5,10,2026-07-24,0.35,4,Small Host (2-4),Moderate ($100-$250),142,4.52,https://www.airbnb.com/rooms/10701
10702,Modern Studio in Hell's Kitchen,1083,Mia,t,Superhost,Manhattan,Hell's Kitchen,40.8049,-73.95223,Entire home/apt,291,3,97.0,7,39,2026-05-30,2.7,1,Single Listing,Luxury (>$250),185,4.97,https://www.airbnb.com/rooms/10702
10703,Spacious Apartment in Upper West Side,1186,Liam,f,Standard Host,Manhattan,Upper West Side,40.78991,-73.96979,Entire home/apt,309,4,77.25,5,25,2026-07-12,1.52,1,Single Listing,Luxury (>$250),136,4.44,https://www.airbnb.com/rooms/10703
10704,Modern Flat in Flushing,1031,Emma,f,Standard Host,Queens,Flushing,40.69554,-73.79706,Entire home/apt,136,3,45.33,2,33,2026-06-15,1.54,1,Single Listing,Moderate ($100-$250),197,4.58,https://www.airbnb.com/rooms/10704
10705,Luxury Studio in East Village,1101,Noah,t,Superhost,Manhattan,East Village,40.81391,-73.97624,Entire home/apt,343,3,114.33,5,55,2026-07-11,3.86,1,Single Listing,Luxury (>$250),99,4.95,https://www.airbnb.com/rooms/10705
10706,Luxury Apartment in Greenwich Village,1182,Benjamin,f,Standard Host,Manhattan,Greenwich Village,40.80536,-73.96095,Private room,205,2,102.5,1,13,2026-04-20,0.73,1,Single Listing,Moderate ($100-$250),309,4.51,https://www.airbnb.com/rooms/10706
10707,Chic Loft in Brooklyn Heights,1213,Sophia,t,Superhost,Brooklyn,Brooklyn Heights,40.68675,-73.94318,Entire home/apt,217,8,27.12,1,40,2026-05-11,5.62,1,Single Listing,Moderate ($100-$250),130,4.95,https://www.airbnb.com/rooms/10707
10708,Boho Loft in Ridgewood,1139,Ethan,t,Superhost,Queens,Ridgewood,40.72338,-73.79219,Private room,36,1,36.0,3,84,2026-07-02,2.48,1,Single Listing,Budget (<$100),262,4.9,https://www.airbnb.com/rooms/10708
10709,Rustic Room in Financial District,1309,Ava,f,Standard Host,Manhattan,Financial District,40.77371,-73.96741,Entire home/apt,615,2,307.5,3,10,2026-07-18,0.52,2,Small Host (2-4),Luxury (>$250),273,4.31,https://www.airbnb.com/rooms/10709
10710,Spacious Retreat in Bushwick,1136,Jessica,f,Standard Host,Brooklyn,Bushwick,40.64415,-73.91704,Entire home/apt,197,5,39.4,3,14,2026-05-29,0.54,1,Single Listing,Moderate ($100-$250),348,4.47,https://www.airbnb.com/rooms/10710
10711,Spacious Retreat in Mott Haven,1293,Noah,f,Standard Host,Bronx,Mott Haven,40.84762,-73.83456,Private room,52,2,26.0,7,10,2026-01-13,0.4,1,Single Listing,Budget (<$100),270,4.49,https://www.airbnb.com/rooms/10711
10712,Quiet Flat in Fordham,1232,Elena,f,Standard Host,Bronx,Fordham,40.82337,-73.86844,Private room,58,2,29.0,5,15,2026-05-28,0.96,3,Small Host (2-4),Budget (<$100),102,4.52,https://www.airbnb.com/rooms/10712
10713,Minimalist Loft in Financial District,1081,Noah,f,Standard Host,Manhattan,Financial District,40.75518,-73.95177,Private room,82,2,41.0,2,37,2026-07-30,4.93,1,Single Listing,Budget (<$100),70,4.33,https://www.airbnb.com/rooms/10713
10714,Quiet Apartment in Sunnyside,1283,Emily,t,Superhost,Queens,Sunnyside,40.69962,-73.77082,Entire home/apt,198,2,99.0,7,137,2026-06-10,4.04,2,Small Host (2-4),Moderate ($100-$250),347,4.96,https://www.airbnb.com/rooms/10714
10715,Luxury Brownstone Unit in Midtown,1145,Charlotte,t,Superhost,Manhattan,Midtown,40.81731,-74.00145,Private room,137,2,68.5,1,69,2026-07-03,4.27,1,Single Listing,Moderate ($100-$250),192,4.96,https://www.airbnb.com/rooms/10715
10716,Spacious Flat in Tribeca,1114,James,f,Standard Host,Manhattan,Tribeca,40.73707,-73.95449,Private room,185,2,92.5,1,30,2026-06-04,1.6,1,Single Listing,Moderate ($100-$250),163,4.43,https://www.airbnb.com/rooms/10716
10717,Sunny Room in Forest Hills,1328,Jessica,f,Standard Host,Queens,Forest Hills,40.72868,-73.75077,Hotel room,147,6,24.5,5,14,2026-07-08,1.59,4,Small Host (2-4),Moderate ($100-$250),21,4.57,https://www.airbnb.com/rooms/10717
10718,Charming Flat in Brooklyn Heights,1163,Sarah,f,Standard Host,Brooklyn,Brooklyn Heights,40.66654,-73.93627,Entire home/apt,230,4,57.5,1,17,2026-02-22,0.52,1,Single Listing,Moderate ($100-$250),274,4.45,https://www.airbnb.com/rooms/10718
10719,Chic Haven in Cobble Hill,1002,Liam,f,Standard Host,Brooklyn,Cobble Hill,40.65674,-73.96719,Shared room,56,2,28.0,30,16,2026-07-15,0.53,2,Small Host (2-4),Budget (<$100),212,4.47,https://www.airbnb.com/rooms/10719
10720,Quiet Studio in Tribeca,1047,Carlos,t,Superhost,Manhattan,Tribeca,40.78776,-73.9839,Private room,196,1,196.0,2,61,2026-05-24,7.86,1,Single Listing,Moderate ($100-$250),194,4.89,https://www.airbnb.com/rooms/10720
10721,Boho Flat in East Village,1117,Charlotte,f,Standard Host,Manhattan,East Village,40.76241,-73.96785,Private room,150,2,75.0,2,19,2026-07-29,1.11,1,Single Listing,Moderate ($100-$250),35,4.47,https://www.airbnb.com/rooms/10721
10722,Minimalist Room in Harlem,1025,Olivia,f,Standard Host,Manhattan,Harlem,40.77035,-73.98726,Entire home/apt,720,8,90.0,2,46,2026-07-09,2.51,1,Single Listing,Luxury (>$250),92,4.49,https://www.airbnb.com/rooms/10722
10723,Modern Brownstone Unit in SoHo,1015,Ethan,f,Standard Host,Manhattan,SoHo,40.7615,-73.96985,Private room,153,3,51.0,2,13,2026-07-01,0.95,3,Small Host (2-4),Moderate ($100-$250),76,4.54,https://www.airbnb.com/rooms/10723
10724,Stunning Room in Upper West Side,1312,Elena,t,Superhost,Manhattan,Upper West Side,40.7317,-73.95225,Entire home/apt,382,2,191.0,2,93,2026-04-27,2.66,2,Small Host (2-4),Luxury (>$250),254,4.97,https://www.airbnb.com/rooms/10724
10725,Quiet Haven in SoHo,1091,James,f,Standard Host,Manhattan,SoHo,40.76804,-73.98419,Entire home/apt,154,2,77.0,1,30,2025-12-11,1.04,1,Single Listing,Moderate ($100-$250),252,4.49,https://www.airbnb.com/rooms/10725
10726,Cozy Suite in Cobble Hill,1305,Elena,f,Standard Host,Brooklyn,Cobble Hill,40.72631,-73.90883,Entire home/apt,334,5,66.8,1,2,2026-04-23,0.18,4,Small Host (2-4),Luxury (>$250),66,4.47,https://www.airbnb.com/rooms/10726
10727,Sunny Room in Crown Heights,1221,Elena,f,Standard Host,Brooklyn,Crown Heights,40.67345,-73.99593,Entire home/apt,266,4,66.5,1,27,2026-05-22,1.03,3,Small Host (2-4),Luxury (>$250),176,4.58,https://www.airbnb.com/rooms/10727
10728,Spacious Haven in Greenwich Village,1240,Carlos,f,Standard Host,Manhattan,Greenwich Village,40.76475,-73.97202,Entire home/apt,492,6,82.0,2,10,2026-05-15,0.35,2,Small Host (2-4),Luxury (>$250),327,4.57,https://www.airbnb.com/rooms/10728
10729,Cozy Room in Park Slope,1329,Jessica,f,Standard Host,Brooklyn,Park Slope,40.67986,-73.96278,Entire home/apt,269,2,134.5,3,22,2026-04-11,2.81,8,Multi-Listing Host (5+),Luxury (>$250),208,4.25,https://www.airbnb.com/rooms/10729
10730,Chic Room in Chelsea,1118,Carlos,f,Standard Host,Manhattan,Chelsea,40.76429,-73.94439,Private room,153,2,76.5,2,10,2026-05-13,0.34,1,Single Listing,Moderate ($100-$250),212,4.21,https://www.airbnb.com/rooms/10730
10731,Rustic Loft in Bushwick,1131,James,f,Standard Host,Brooklyn,Bushwick,40.69084,-73.96343,Entire home/apt,194,8,24.25,3,32,2026-08-01,1.42,1,Single Listing,Moderate ($100-$250),174,4.46,https://www.airbnb.com/rooms/10731
10732,Stunning Loft in Hell's Kitchen,1276,Liam,f,Standard Host,Manhattan,Hell's Kitchen,40.80417,-73.94797,Entire home/apt,266,4,66.5,2,25,2025-10-06,3.19,2,Small Host (2-4),Luxury (>$250),306,4.25,https://www.airbnb.com/rooms/10732
10733,Boho Retreat in Hell's Kitchen,1046,Charlotte,f,Standard Host,Manhattan,Hell's Kitchen,40.77667,-73.98509,Entire home/apt,280,8,35.0,1,10,2026-04-29,0.76,12,Multi-Listing Host (5+),Luxury (>$250),67,4.47,https://www.airbnb.com/rooms/10733
10734,Rustic Retreat in Park Slope,1108,Jessica,f,Standard Host,Brooklyn,Park Slope,40.66317,-73.93139,Private room,84,2,42.0,7,5,2026-07-25,0.26,3,Small Host (2-4),Budget (<$100),270,4.29,https://www.airbnb.com/rooms/10734
10735,Minimalist Retreat in Forest Hills,1043,Olivia,t,Superhost,Queens,Forest Hills,40.69877,-73.79134,Entire home/apt,173,3,57.67,4,97,2026-05-09,4.09,1,Single Listing,Moderate ($100-$250),151,4.97,https://www.airbnb.com/rooms/10735
10736,Bright Studio in Crown Heights,1162,Emma,t,Superhost,Brooklyn,Crown Heights,40.68312,-73.95436,Hotel room,359,2,179.5,2,118,2026-06-09,3.41,1,Single Listing,Luxury (>$250),48,4.87,https://www.airbnb.com/rooms/10736
10737,Rustic Haven in Park Slope,1332,Liam,f,Standard Host,Brooklyn,Park Slope,40.66851,-73.93903,Entire home/apt,227,2,113.5,7,78,2026-06-05,8.65,1,Single Listing,Moderate ($100-$250),312,4.26,https://www.airbnb.com/rooms/10737
10738,Boho Flat in Financial District,1221,Sophia,f,Standard Host,Manhattan,Financial District,40.7876,-73.93691,Private room,146,1,146.0,2,10,2026-06-17,0.34,1,Single Listing,Moderate ($100-$250),295,4.56,https://www.airbnb.com/rooms/10738
10739,Boho Retreat in Tribeca,1315,Michael,t,Superhost,Manhattan,Tribeca,40.81248,-73.97212,Entire home/apt,282,3,94.0,2,71,2026-07-27,10.65,1,Single Listing,Luxury (>$250),193,4.92,https://www.airbnb.com/rooms/10739
10740,Spacious Loft in Bedford-Stuyvesant,1003,Ethan,t,Superhost,Brooklyn,Bedford-Stuyvesant,40.66963,-73.95969,Entire home/apt,281,2,140.5,1,40,2026-07-24,1.53,1,Single Listing,Luxury (>$250),318,4.95,https://www.airbnb.com/rooms/10740
10741,Chic Penthouse in Cobble Hill,1207,David,f,Standard Host,Brooklyn,Cobble Hill,40.68495,-73.93554,Private room,159,1,159.0,1,20,2026-05-15,1.44,1,Single Listing,Moderate ($100-$250),77,4.24,https://www.airbnb.com/rooms/10741
10742,Cozy Haven in Greenpoint,1259,David,t,Superhost,Brooklyn,Greenpoint,40.72453,-73.99148,Entire home/apt,243,4,60.75,1,46,2026-06-03,6.14,1,Single Listing,Moderate ($100-$250),185,4.94,https://www.airbnb.com/rooms/10742
10743,Chic Penthouse in Harlem,1258,Jessica,f,Standard Host,Manhattan,Harlem,40.77599,-73.93185,Hotel room,579,4,144.75,30,17,2026-07-27,0.87,1,Single Listing,Luxury (>$250),47,4.55,https://www.airbnb.com/rooms/10743
10744,Cozy Haven in East Village,1031,Michael,t,Superhost,Manhattan,East Village,40.75604,-73.95385,Private room,179,1,179.0,5,72,2026-06-28,2.26,1,Single Listing,Moderate ($100-$250),79,4.96,https://www.airbnb.com/rooms/10744
10745,Quiet Penthouse in Greenwich Village,1248,James,f,Standard Host,Manhattan,Greenwich Village,40.75797,-73.98797,Entire home/apt,196,5,39.2,2,35,2026-06-18,1.17,1,Single Listing,Moderate ($100-$250),294,4.55,https://www.airbnb.com/rooms/10745
10746,Minimalist Retreat in Upper West Side,1046,Charlotte,f,Standard Host,Manhattan,Upper West Side,40.74942,-73.9753,Entire home/apt,436,3,145.33,1,10,2026-07-28,0.36,1,Single Listing,Luxury (>$250),33,4.61,https://www.airbnb.com/rooms/10746
10747,Stunning Suite in Park Slope,1152,Daniel,f,Standard Host,Brooklyn,Park Slope,40.68101,-73.92855,Entire home/apt,190,5,38.0,2,31,2026-07-13,1.71,2,Small Host (2-4),Moderate ($100-$250),29,4.53,https://www.airbnb.com/rooms/10747
10748,Stunning Haven in Crown Heights,1278,Noah,t,Superhost,Brooklyn,Crown Heights,40.65161,-73.86039,Private room,99,1,99.0,2,50,2026-03-07,3.35,1,Single Listing,Budget (<$100),179,4.82,https://www.airbnb.com/rooms/10748
10749,Chic Brownstone Unit in Mott Haven,1041,Elena,f,Standard Host,Bronx,Mott Haven,40.82768,-73.85125,Entire home/apt,61,2,30.5,30,19,2026-07-17,2.1,1,Single Listing,Budget (<$100),61,4.63,https://www.airbnb.com/rooms/10749
10750,Spacious Apartment in Midtown,1228,Liam,t,Superhost,Manhattan,Midtown,40.77034,-73.94854,Private room,261,2,130.5,1,50,2026-05-22,1.47,12,Multi-Listing Host (5+),Luxury (>$250),100,4.98,https://www.airbnb.com/rooms/10750
10751,Rustic Penthouse in SoHo,1031,Alex,t,Superhost,Manhattan,SoHo,40.79245,-74.0131,Entire home/apt,459,3,153.0,3,41,2026-05-30,1.17,1,Single Listing,Luxury (>$250),142,4.97,https://www.airbnb.com/rooms/10751
10752,Charming Flat in Upper West Side,1227,Daniel,f,Standard Host,Manhattan,Upper West Side,40.74167,-73.93468,Entire home/apt,354,3,118.0,1,33,2026-05-10,2.55,12,Multi-Listing Host (5+),Luxury (>$250),14,4.51,https://www.airbnb.com/rooms/10752
10753,Rustic Flat in Upper West Side,1297,Emma,t,Superhost,Manhattan,Upper West Side,40.78355,-73.9743,Private room,309,1,309.0,30,69,2026-03-10,2.78,1,Single Listing,Luxury (>$250),344,4.99,https://www.airbnb.com/rooms/10753
10754,Bright Haven in Ridgewood,1192,Ethan,t,Superhost,Queens,Ridgewood,40.7047,-73.827,Entire home/apt,247,2,123.5,2,66,2026-03-11,1.92,1,Single Listing,Moderate ($100-$250),47,4.99,https://www.airbnb.com/rooms/10754
10755,Luxury Apartment in Williamsburg,1257,James,f,Standard Host,Brooklyn,Williamsburg,40.6876,-73.99649,Hotel room,271,2,135.5,5,13,2026-05-08,0.66,1,Single Listing,Luxury (>$250),181,4.62,https://www.airbnb.com/rooms/10755
10756,Spacious Loft in Williamsburg,1131,David,f,Standard Host,Brooklyn,Williamsburg,40.66701,-73.9287,Entire home/apt,222,2,111.0,4,8,2026-07-23,0.3,1,Single Listing,Moderate ($100-$250),167,4.51,https://www.airbnb.com/rooms/10756
10757,Rustic Retreat in Midtown,1347,Sarah,t,Superhost,Manhattan,Midtown,40.75722,-73.98364,Private room,165,1,165.0,30,56,2026-05-25,3.88,1,Single Listing,Moderate ($100-$250),243,4.98,https://www.airbnb.com/rooms/10757
10758,Sunny Retreat in Ridgewood,1045,Jessica,f,Standard Host,Queens,Ridgewood,40.69091,-73.85132,Private room,78,2,39.0,7,25,2026-04-28,0.77,1,Single Listing,Budget (<$100),82,4.44,https://www.airbnb.com/rooms/10758
10759,Chic Loft in Upper West Side,1306,David,t,Superhost,Manhattan,Upper West Side,40.76142,-73.96591,Entire home/apt,446,3,148.67,3,49,2026-04-28,5.46,1,Single Listing,Luxury (>$250),97,4.96,https://www.airbnb.com/rooms/10759
10760,Chic Studio in Brooklyn Heights,1223,Emma,f,Standard Host,Brooklyn,Brooklyn Heights,40.69061,-73.95068,Private room,55,2,27.5,2,14,2026-05-23,0.49,1,Single Listing,Budget (<$100),58,4.43,https://www.airbnb.com/rooms/10760
10761,Cozy Apartment in Greenpoint,1310,Daniel,t,Superhost,Brooklyn,Greenpoint,40.70296,-73.95839,Private room,92,3,30.67,3,50,2026-07-24,1.39,1,Single Listing,Budget (<$100),254,4.85,https://www.airbnb.com/rooms/10761
10762,Sunny Flat in DUMBO,1118,David,f,Standard Host,Brooklyn,DUMBO,40.66906,-73.9783,Private room,83,1,83.0,1,16,2026-06-18,0.56,8,Multi-Listing Host (5+),Budget (<$100),225,4.54,https://www.airbnb.com/rooms/10762
10763,Minimalist Apartment in Crown Heights,1007,David,t,Superhost,Brooklyn,Crown Heights,40.66689,-73.97984,Private room,235,1,235.0,1,94,2026-03-29,9.58,1,Single Listing,Moderate ($100-$250),109,4.94,https://www.airbnb.com/rooms/10763
10764,Boho Studio in Park Slope,1101,Alex,f,Standard Host,Brooklyn,Park Slope,40.69662,-73.94817,Entire home/apt,219,5,43.8,2,20,2026-07-26,0.6,2,Small Host (2-4),Moderate ($100-$250),77,4.42,https://www.airbnb.com/rooms/10764
10765,Modern Apartment in Bushwick,1038,Mia,t,Superhost,Brooklyn,Bushwick,40.63347,-73.91801,Private room,243,2,121.5,1,82,2026-06-16,2.35,1,Single Listing,Moderate ($100-$250),327,4.99,https://www.airbnb.com/rooms/10765
10766,Cozy Haven in Crown Heights,1029,Elena,f,Standard Host,Brooklyn,Crown Heights,40.69349,-73.92001,Entire home/apt,174,6,29.0,2,4,2026-07-29,0.24,1,Single Listing,Moderate ($100-$250),140,4.41,https://www.airbnb.com/rooms/10766
10767,Bright Penthouse in Pelham Bay,1097,Emily,f,Standard Host,Bronx,Pelham Bay,40.87495,-73.86867,Private room,41,1,41.0,1,11,2026-01-06,1.27,2,Small Host (2-4),Budget (<$100),220,4.52,https://www.airbnb.com/rooms/10767
10768,Quiet Room in Concourse,1348,Noah,f,Standard Host,Bronx,Concourse,40.87058,-73.87009,Entire home/apt,80,4,20.0,1,29,2026-04-20,1.89,1,Single Listing,Budget (<$100),317,4.58,https://www.airbnb.com/rooms/10768
10769,Cozy Penthouse in Tribeca,1145,Benjamin,f,Standard Host,Manhattan,Tribeca,40.77526,-73.95865,Entire home/apt,273,2,136.5,5,32,2026-07-28,2.42,1,Single Listing,Luxury (>$250),280,4.26,https://www.airbnb.com/rooms/10769
10770,Rustic Haven in Todt Hill,1289,James,f,Standard Host,Staten Island,Todt Hill,40.58594,-74.16937,Private room,69,2,34.5,1,23,2026-07-08,0.69,1,Single Listing,Budget (<$100),132,4.4,https://www.airbnb.com/rooms/10770
10771,Quiet Flat in Todt Hill,1258,Liam,f,Standard Host,Staten Island,Todt Hill,40.53424,-74.11419,Private room,56,1,56.0,1,7,2026-07-11,0.21,1,Single Listing,Budget (<$100),184,4.16,https://www.airbnb.com/rooms/10771
10772,Boho Room in SoHo,1094,Emma,f,Standard Host,Manhattan,SoHo,40.79878,-73.98908,Private room,118,1,118.0,7,26,2026-07-03,1.86,1,Single Listing,Moderate ($100-$250),156,4.29,https://www.airbnb.com/rooms/10772
10773,Chic Penthouse in Crown Heights,1060,Olivia,f,Standard Host,Brooklyn,Crown Heights,40.67893,-73.89087,Private room,108,2,54.0,3,26,2026-07-31,0.79,1,Single Listing,Moderate ($100-$250),72,4.59,https://www.airbnb.com/rooms/10773
10774,Boho Haven in Long Island City,1229,Michael,f,Standard Host,Queens,Long Island City,40.78141,-73.7838,Private room,60,2,30.0,2,19,2026-06-20,0.58,3,Small Host (2-4),Budget (<$100),146,4.42,https://www.airbnb.com/rooms/10774
10775,Boho Studio in Hell's Kitchen,1347,Alex,f,Standard Host,Manhattan,Hell's Kitchen,40.80094,-73.92261,Private room,101,2,50.5,1,10,2026-07-19,0.55,4,Small Host (2-4),Moderate ($100-$250),152,4.47,https://www.airbnb.com/rooms/10775
10776,Cozy Flat in Fordham,1033,Alex,f,Standard Host,Bronx,Fordham,40.87244,-73.85018,Private room,35,1,35.0,3,42,2026-07-09,2.75,1,Single Listing,Budget (<$100),109,4.51,https://www.airbnb.com/rooms/10776
10777,Bright Haven in Financial District,1204,Noah,f,Standard Host,Manhattan,Financial District,40.77946,-73.9808,Private room,112,2,56.0,1,4,2026-03-12,0.23,1,Single Listing,Moderate ($100-$250),340,4.35,https://www.airbnb.com/rooms/10777
10778,Minimalist Suite in Flushing,1338,Daniel,f,Standard Host,Queens,Flushing,40.72884,-73.77475,Private room,81,1,81.0,1,11,2026-07-21,0.46,2,Small Host (2-4),Budget (<$100),252,4.46,https://www.airbnb.com/rooms/10778
10779,Spacious Apartment in Long Island City,1180,Sarah,f,Standard Host,Queens,Long Island City,40.74986,-73.77207,Entire home/apt,338,2,169.0,2,5,2026-04-08,0.47,1,Single Listing,Luxury (>$250),60,4.58,https://www.airbnb.com/rooms/10779
10780,Sunny Haven in SoHo,1114,Ava,f,Standard Host,Manhattan,SoHo,40.79965,-74.00147,Hotel room,168,4,42.0,7,12,2026-07-14,0.44,1,Single Listing,Moderate ($100-$250),216,4.37,https://www.airbnb.com/rooms/10780
10781,Modern Flat in Bedford-Stuyvesant,1079,David,f,Standard Host,Brooklyn,Bedford-Stuyvesant,40.72092,-73.88902,Shared room,35,3,11.67,30,57,2026-07-21,1.79,1,Single Listing,Budget (<$100),217,4.4,https://www.airbnb.com/rooms/10781
10782,Cozy Loft in Todt Hill,1125,Mia,f,Standard Host,Staten Island,Todt Hill,40.57764,-74.14135,Private room,86,1,86.0,1,5,2026-07-11,0.22,1,Single Listing,Budget (<$100),297,4.44,https://www.airbnb.com/rooms/10782
10783,Rustic Penthouse in Greenwich Village,1147,Liam,t,Superhost,Manhattan,Greenwich Village,40.79654,-73.94503,Entire home/apt,244,5,48.8,2,39,2026-07-05,1.51,1,Single Listing,Moderate ($100-$250),147,4.88,https://www.airbnb.com/rooms/10783
10784,Luxury Flat in Upper West Side,1193,Ethan,f,Standard Host,Manhattan,Upper West Side,40.78626,-73.92492,Entire home/apt,322,4,80.5,3,26,2026-07-24,1.24,1,Single Listing,Luxury (>$250),86,4.61,https://www.airbnb.com/rooms/10784
10785,Sunny Flat in Greenwich Village,1291,Benjamin,f,Standard Host,Manhattan,Greenwich Village,40.80621,-73.98671,Entire home/apt,232,4,58.0,3,11,2026-05-30,1.1,1,Single Listing,Moderate ($100-$250),24,4.41,https://www.airbnb.com/rooms/10785
10786,Luxury Loft in Concourse,1122,Daniel,f,Standard Host,Bronx,Concourse,40.84277,-73.88568,Entire home/apt,73,4,18.25,4,18,2026-05-27,0.52,1,Single Listing,Budget (<$100),336,4.43,https://www.airbnb.com/rooms/10786
10787,Spacious Brownstone Unit in Harlem,1179,Mia,f,Standard Host,Manhattan,Harlem,40.78859,-73.96598,Private room,125,1,125.0,2,10,2026-07-11,0.48,4,Small Host (2-4),Moderate ($100-$250),240,4.43,https://www.airbnb.com/rooms/10787
10788,Boho Flat in Sunnyside,1132,Carlos,t,Superhost,Queens,Sunnyside,40.77018,-73.77045,Hotel room,139,3,46.33,30,64,2026-06-05,2.79,1,Single Listing,Moderate ($100-$250),235,4.91,https://www.airbnb.com/rooms/10788
10789,Rustic Penthouse in Bedford-Stuyvesant,1026,Elena,f,Standard Host,Brooklyn,Bedford-Stuyvesant,40.65603,-73.95451,Entire home/apt,229,4,57.25,7,11,2026-06-05,0.35,3,Small Host (2-4),Moderate ($100-$250),327,4.5,https://www.airbnb.com/rooms/10789
10790,Bright Room in Greenpoint,1153,Carlos,f,Standard Host,Brooklyn,Greenpoint,40.69914,-73.92135,Entire home/apt,168,6,28.0,1,14,2026-06-07,0.61,1,Single Listing,Moderate ($100-$250),321,4.54,https://www.airbnb.com/rooms/10790
10791,Chic Flat in Hell's Kitchen,1210,James,t,Superhost,Manhattan,Hell's Kitchen,40.77738,-73.94567,Entire home/apt,451,5,90.2,2,50,2026-07-18,1.8,1,Single Listing,Luxury (>$250),282,4.98,https://www.airbnb.com/rooms/10791
10792,Minimalist Apartment in Flushing,1293,Benjamin,t,Superhost,Queens,Flushing,40.68842,-73.78067,Shared room,44,2,22.0,2,45,2026-07-05,1.52,1,Single Listing,Budget (<$100),309,4.97,https://www.airbnb.com/rooms/10792
10793,Sunny Flat in Midtown,1156,Liam,f,Standard Host,Manhattan,Midtown,40.79866,-73.9669,Entire home/apt,209,2,104.5,2,54,2026-04-04,1.7,1,Single Listing,Moderate ($100-$250),314,4.28,https://www.airbnb.com/rooms/10793
10794,Luxury Room in Hell's Kitchen,1041,Ethan,f,Standard Host,Manhattan,Hell's Kitchen,40.7665,-73.94639,Entire home/apt,267,6,44.5,2,16,2026-07-17,1.87,1,Single Listing,Luxury (>$250),199,4.48,https://www.airbnb.com/rooms/10794
10795,Minimalist Penthouse in Long Island City,1070,Sarah,f,Standard Host,Queens,Long Island City,40.73655,-73.81036,Private room,51,1,51.0,5,24,2026-07-02,0.8,1,Single Listing,Budget (<$100),24,4.44,https://www.airbnb.com/rooms/10795
10796,Minimalist Penthouse in Bedford-Stuyvesant,1026,David,f,Standard Host,Brooklyn,Bedford-Stuyvesant,40.68239,-73.96261,Private room,83,2,41.5,2,42,2026-07-19,5.89,1,Single Listing,Budget (<$100),89,4.45,https://www.airbnb.com/rooms/10796
10797,Charming Brownstone Unit in Riverdale,1217,Liam,t,Superhost,Bronx,Riverdale,40.85824,-73.84302,Private room,38,2,19.0,1,52,2026-07-19,5.63,1,Single Listing,Budget (<$100),21,4.96,https://www.airbnb.com/rooms/10797
10798,Chic Room in Bushwick,1234,Elena,f,Standard Host,Brooklyn,Bushwick,40.72155,-73.94548,Private room,78,1,78.0,1,28,2026-02-12,3.65,2,Small Host (2-4),Budget (<$100),128,4.54,https://www.airbnb.com/rooms/10798
10799,Stunning Loft in Long Island City,1068,Sarah,t,Superhost,Queens,Long Island City,40.73018,-73.77402,Private room,171,1,171.0,5,81,2026-06-30,2.5,3,Small Host (2-4),Moderate ($100-$250),348,4.95,https://www.airbnb.com/rooms/10799
10800,Spacious Apartment in Sunnyside,1134,Sophia,t,Superhost,Queens,Sunnyside,40.76152,-73.82372,Entire home/apt,102,5,20.4,3,83,2026-05-26,7.81,1,Single Listing,Moderate ($100-$250),183,4.94,https://www.airbnb.com/rooms/10800
10801,Cozy Loft in Financial District,1176,Liam,f,Standard Host,Manhattan,Financial District,40.83147,-73.95875,Private room,115,2,57.5,1,52,2026-04-29,1.52,1,Single Listing,Moderate ($100-$250),53,4.52,https://www.airbnb.com/rooms/10801
10802,Rustic Flat in Cobble Hill,1284,Sophia,f,Standard Host,Brooklyn,Cobble Hill,40.62423,-73.90691,Hotel room,259,4,64.75,2,5,2026-02-21,0.17,1,Single Listing,Luxury (>$250),190,4.51,https://www.airbnb.com/rooms/10802
10803,Charming Flat in SoHo,1057,Mia,t,Superhost,Manhattan,SoHo,40.79073,-73.95544,Private room,320,1,320.0,1,101,2026-07-25,9.63,2,Small Host (2-4),Luxury (>$250),174,4.99,https://www.airbnb.com/rooms/10803
10804,Cozy Apartment in Sunnyside,1001,Ava,f,Standard Host,Queens,Sunnyside,40.68766,-73.78337,Entire home/apt,113,2,56.5,7,17,2026-06-08,0.81,1,Single Listing,Moderate ($100-$250),16,4.56,https://www.airbnb.com/rooms/10804
10805,Stunning Haven in SoHo,1179,Michael,f,Standard Host,Manhattan,SoHo,40.7684,-73.98397,Entire home/apt,360,6,60.0,2,29,2026-06-08,0.84,1,Single Listing,Luxury (>$250),129,4.48,https://www.airbnb.com/rooms/10805
10806,Modern Flat in Bedford-Stuyvesant,1215,Michael,f,Standard Host,Brooklyn,Bedford-Stuyvesant,40.71333,-73.93158,Entire home/apt,264,3,88.0,1,7,2026-07-12,0.66,1,Single Listing,Luxury (>$250),220,4.35,https://www.airbnb.com/rooms/10806
10807,Cozy Studio in Financial District,1079,Sophia,t,Superhost,Manhattan,Financial District,40.76561,-73.95886,Entire home/apt,286,4,71.5,1,51,2026-05-16,4.31,2,Small Host (2-4),Luxury (>$250),285,4.9,https://www.airbnb.com/rooms/10807
10808,Charming Studio in Tribeca,1033,Michael,t,Superhost,Manhattan,Tribeca,40.81563,-73.9627,Private room,130,1,130.0,2,41,2026-06-28,3.86,12,Multi-Listing Host (5+),Moderate ($100-$250),265,4.98,https://www.airbnb.com/rooms/10808
10809,Charming Brownstone Unit in Financial District,1030,Liam,t,Superhost,Manhattan,Financial District,40.79683,-73.95988,Private room,249,1,249.0,4,20,2026-06-18,0.65,1,Single Listing,Moderate ($100-$250),208,4.92,https://www.airbnb.com/rooms/10809
10810,Spacious Room in Bushwick,1338,Jessica,t,Superhost,Brooklyn,Bushwick,40.71362,-73.97728,Entire home/apt,167,2,83.5,1,157,2026-07-22,21.32,2,Small Host (2-4),Moderate ($100-$250),121,4.99,https://www.airbnb.com/rooms/10810
10811,Quiet Brownstone Unit in Cobble Hill,1058,Michael,f,Standard Host,Brooklyn,Cobble Hill,40.7063,-73.96034,Private room,131,2,65.5,3,36,2026-07-19,1.68,1,Single Listing,Moderate ($100-$250),20,4.46,https://www.airbnb.com/rooms/10811
10812,Quiet Flat in Harlem,1101,Jessica,f,Standard Host,Manhattan,Harlem,40.81087,-73.97315,Entire home/apt,262,2,131.0,7,23,2026-05-19,1.76,2,Small Host (2-4),Luxury (>$250),293,4.51,https://www.airbnb.com/rooms/10812
10813,Boho Loft in Financial District,1274,Sophia,t,Superhost,Manhattan,Financial District,40.78388,-73.97834,Entire home/apt,267,3,89.0,2,54,2026-07-18,1.55,1,Single Listing,Luxury (>$250),52,4.97,https://www.airbnb.com/rooms/10813
10814,Boho Retreat in Ridgewood,1091,Liam,f,Standard Host,Queens,Ridgewood,40.73696,-73.75222,Private room,47,1,47.0,1,33,2026-07-19,1.11,1,Single Listing,Budget (<$100),321,4.49,https://www.airbnb.com/rooms/10814
10815,Boho Room in Forest Hills,1308,Michael,f,Standard Host,Queens,Forest Hills,40.75555,-73.79997,Entire home/apt,230,3,76.67,3,48,2026-07-22,1.56,1,Single Listing,Moderate ($100-$250),285,4.43,https://www.airbnb.com/rooms/10815
10816,Bright Apartment in East Village,1210,Emma,f,Standard Host,Manhattan,East Village,40.77068,-73.98744,Entire home/apt,225,3,75.0,1,9,2026-05-29,0.6,12,Multi-Listing Host (5+),Moderate ($100-$250),18,4.39,https://www.airbnb.com/rooms/10816
10817,Rustic Flat in Park Slope,1197,Jessica,f,Standard Host,Brooklyn,Park Slope,40.63622,-73.89872,Entire home/apt,219,3,73.0,4,26,2026-06-02,1.36,3,Small Host (2-4),Moderate ($100-$250),162,4.53,https://www.airbnb.com/rooms/10817
10818,Rustic Flat in Upper West Side,1217,Ethan,f,Standard Host,Manhattan,Upper West Side,40.77352,-73.97893,Private room,120,1,120.0,2,59,2026-05-24,2.99,1,Single Listing,Moderate ($100-$250),296,4.66,https://www.airbnb.com/rooms/10818
10819,Boho Retreat in Upper West Side,1259,Olivia,t,Superhost,Manhattan,Upper West Side,40.80434,-73.96033,Private room,145,2,72.5,2,67,2026-07-14,3.04,1,Single Listing,Moderate ($100-$250),319,4.97,https://www.airbnb.com/rooms/10819
10820,Cozy Retreat in Astoria,1017,Jessica,f,Standard Host,Queens,Astoria,40.76043,-73.80341,Private room,77,3,25.67,2,4,2026-04-16,0.28,2,Small Host (2-4),Budget (<$100),63,4.64,https://www.airbnb.com/rooms/10820
10821,Cozy Studio in Ridgewood,1169,Mia,t,Superhost,Queens,Ridgewood,40.67072,-73.81582,Private room,46,2,23.0,7,99,2026-08-01,3.1,2,Small Host (2-4),Budget (<$100),238,4.95,https://www.airbnb.com/rooms/10821
10822,Boho Room in Midtown,1207,Emma,f,Standard Host,Manhattan,Midtown,40.77434,-73.98485,Private room,83,2,41.5,1,37,2026-05-06,1.63,8,Multi-Listing Host (5+),Budget (<$100),234,4.35,https://www.airbnb.com/rooms/10822
10823,Rustic Studio in Williamsburg,1010,Emma,f,Standard Host,Brooklyn,Williamsburg,40.64962,-73.94468,Private room,147,1,147.0,7,4,2026-07-11,0.28,1,Single Listing,Moderate ($100-$250),139,4.32,https://www.airbnb.com/rooms/10823
10824,Modern Loft in Upper West Side,1206,Elena,t,Superhost,Manhattan,Upper West Side,40.7581,-73.99646,Private room,75,3,25.0,7,65,2026-07-24,2.02,1,Single Listing,Budget (<$100),101,4.96,https://www.airbnb.com/rooms/10824
10825,Cozy Haven in Greenpoint,1151,Benjamin,f,Standard Host,Brooklyn,Greenpoint,40.68332,-73.88648,Private room,71,1,71.0,5,18,2026-04-10,1.62,1,Single Listing,Budget (<$100),283,4.56,https://www.airbnb.com/rooms/10825
10826,Stunning Apartment in Long Island City,1086,Charlotte,t,Superhost,Queens,Long Island City,40.78855,-73.8062,Entire home/apt,271,4,67.75,3,67,2026-03-01,3.32,8,Multi-Listing Host (5+),Luxury (>$250),334,4.99,https://www.airbnb.com/rooms/10826
10827,Stunning Loft in DUMBO,1178,Ava,t,Superhost,Brooklyn,DUMBO,40.6476,-73.95126,Entire home/apt,187,4,46.75,2,82,2025-12-17,4.51,1,Single Listing,Moderate ($100-$250),198,4.92,https://www.airbnb.com/rooms/10827
10828,Minimalist Haven in Midtown,1307,Michael,t,Superhost,Manhattan,Midtown,40.77901,-73.99919,Entire home/apt,310,3,103.33,7,58,2026-05-15,1.8,1,Single Listing,Luxury (>$250),161,4.9,https://www.airbnb.com/rooms/10828
10829,Rustic Apartment in Financial District,1103,James,t,Superhost,Manhattan,Financial District,40.77185,-73.93678,Private room,174,3,58.0,1,74,2026-05-24,2.5,1,Single Listing,Moderate ($100-$250),339,4.97,https://www.airbnb.com/rooms/10829
10830,Boho Suite in Williamsburg,1286,Michael,t,Superhost,Brooklyn,Williamsburg,40.69975,-73.97379,Private room,104,1,104.0,3,78,2026-07-25,5.06,1,Single Listing,Moderate ($100-$250),219,4.98,https://www.airbnb.com/rooms/10830
10831,Luxury Suite in Riverdale,1052,Noah,f,Standard Host,Bronx,Riverdale,40.80881,-73.86086,Entire home/apt,72,2,36.0,2,18,2026-04-24,1.65,12,Multi-Listing Host (5+),Budget (<$100),43,4.47,https://www.airbnb.com/rooms/10831
10832,Bright Loft in Long Island City,1323,Sophia,t,Superhost,Queens,Long Island City,40.74377,-73.82837,Private room,57,3,19.0,7,37,2026-07-31,2.88,1,Single Listing,Budget (<$100),184,4.94,https://www.airbnb.com/rooms/10832
10833,Bright Flat in Park Slope,1334,Olivia,f,Standard Host,Brooklyn,Park Slope,40.6675,-73.96193,Entire home/apt,131,4,32.75,2,39,2026-03-09,3.51,1,Single Listing,Moderate ($100-$250),261,4.51,https://www.airbnb.com/rooms/10833
10834,Stunning Loft in Tribeca,1304,Sarah,t,Superhost,Manhattan,Tribeca,40.78089,-73.95426,Entire home/apt,460,2,230.0,2,100,2026-07-24,12.17,1,Single Listing,Luxury (>$250),106,4.93,https://www.airbnb.com/rooms/10834
10835,Quiet Retreat in Greenpoint,1135,Carlos,f,Standard Host,Brooklyn,Greenpoint,40.67832,-73.97488,Private room,100,2,50.0,1,29,2026-06-02,1.04,1,Single Listing,Moderate ($100-$250),267,4.45,https://www.airbnb.com/rooms/10835
10836,Rustic Studio in East Village,1276,Michael,t,Superhost,Manhattan,East Village,40.77005,-73.9954,Hotel room,305,6,50.83,5,81,2026-06-11,2.59,1,Single Listing,Luxury (>$250),63,4.89,https://www.airbnb.com/rooms/10836
10837,Luxury Flat in Harlem,1107,Emily,f,Standard Host,Manhattan,Harlem,40.76354,-73.97898,Entire home/apt,207,3,69.0,3,55,2026-07-02,5.61,1,Single Listing,Moderate ($100-$250),72,4.09,https://www.airbnb.com/rooms/10837
10838,Sunny Studio in Chelsea,1243,Olivia,t,Superhost,Manhattan,Chelsea,40.76203,-73.94736,Private room,142,2,71.0,2,63,2026-07-26,2.86,1,Single Listing,Moderate ($100-$250),72,4.92,https://www.airbnb.com/rooms/10838
10839,Sunny Brownstone Unit in Flushing,1176,Noah,f,Standard Host,Queens,Flushing,40.73605,-73.76248,Entire home/apt,72,3,24.0,3,7,2026-06-05,0.53,1,Single Listing,Budget (<$100),330,4.43,https://www.airbnb.com/rooms/10839
10840,Quiet Brownstone Unit in Upper West Side,1198,Liam,t,Superhost,Manhattan,Upper West Side,40.80874,-73.98552,Private room,172,2,86.0,2,51,2026-06-23,3.86,1,Single Listing,Moderate ($100-$250),91,4.98,https://www.airbnb.com/rooms/10840
10841,Charming Studio in SoHo,1194,James,t,Superhost,Manhattan,SoHo,40.79745,-73.97979,Private room,150,2,75.0,3,136,2026-03-31,8.48,1,Single Listing,Moderate ($100-$250),163,4.97,https://www.airbnb.com/rooms/10841
10842,Luxury Flat in St. George,1070,Mia,f,Standard Host,Staten Island,St. George,40.5704,-74.11404,Private room,59,1,59.0,2,10,2026-05-26,0.4,2,Small Host (2-4),Budget (<$100),280,4.44,https://www.airbnb.com/rooms/10842
10843,Sunny Loft in Chelsea,1023,Sophia,f,Standard Host,Manhattan,Chelsea,40.80654,-73.98285,Private room,143,1,143.0,1,85,2026-06-26,3.48,2,Small Host (2-4),Moderate ($100-$250),173,4.27,https://www.airbnb.com/rooms/10843
10844,Minimalist Studio in Long Island City,1233,David,f,Standard Host,Queens,Long Island City,40.66125,-73.76991,Private room,37,1,37.0,2,16,2026-07-26,1.67,2,Small Host (2-4),Budget (<$100),148,4.45,https://www.airbnb.com/rooms/10844
10845,Spacious Penthouse in Chelsea,1260,Mia,t,Superhost,Manhattan,Chelsea,40.75464,-73.98942,Private room,131,2,65.5,1,75,2026-07-17,5.54,1,Single Listing,Moderate ($100-$250),16,4.94,https://www.airbnb.com/rooms/10845
10846,Charming Room in Greenwich Village,1069,Elena,t,Superhost,Manhattan,Greenwich Village,40.76771,-73.9586,Entire home/apt,326,2,163.0,2,35,2026-05-16,1.44,1,Single Listing,Luxury (>$250),246,4.87,https://www.airbnb.com/rooms/10846
10847,Cozy Flat in Midtown,1140,Emma,f,Standard Host,Manhattan,Midtown,40.7769,-73.99373,Private room,91,1,91.0,4,78,2026-07-23,3.12,8,Multi-Listing Host (5+),Budget (<$100),288,4.29,https://www.airbnb.com/rooms/10847
10848,Chic Flat in Cobble Hill,1295,Sophia,t,Superhost,Brooklyn,Cobble Hill,40.70972,-73.98497,Hotel room,283,2,141.5,1,41,2026-05-31,1.25,1,Single Listing,Luxury (>$250),224,4.97,https://www.airbnb.com/rooms/10848
10849,Sunny Suite in Chelsea,1196,Daniel,t,Superhost,Manhattan,Chelsea,40.77475,-73.94824,Entire home/apt,236,2,118.0,5,89,2026-07-03,2.99,1,Single Listing,Moderate ($100-$250),79,4.99,https://www.airbnb.com/rooms/10849
10850,Modern Apartment in Tribeca,1310,Carlos,t,Superhost,Manhattan,Tribeca,40.77686,-73.97365,Entire home/apt,332,2,166.0,4,56,2026-07-27,2.29,2,Small Host (2-4),Luxury (>$250),27,4.99,https://www.airbnb.com/rooms/10850
10851,Spacious Haven in Chelsea,1261,Mia,f,Standard Host,Manhattan,Chelsea,40.76415,-73.97613,Entire home/apt,236,4,59.0,1,3,2025-06-24,0.1,1,Single Listing,Moderate ($100-$250),95,4.3,https://www.airbnb.com/rooms/10851
10852,Rustic Room in Sunnyside,1075,Emily,f,Standard Host,Queens,Sunnyside,40.72873,-73.79587,Entire home/apt,176,2,88.0,1,63,2026-05-09,2.67,2,Small Host (2-4),Moderate ($100-$250),350,4.45,https://www.airbnb.com/rooms/10852
10853,Sunny Penthouse in Hell's Kitchen,1316,Alex,t,Superhost,Manhattan,Hell's Kitchen,40.78982,-73.99287,Entire home/apt,277,2,138.5,30,43,2026-07-31,1.56,1,Single Listing,Luxury (>$250),78,4.95,https://www.airbnb.com/rooms/10853
10854,Chic Brownstone Unit in Greenpoint,1295,Emma,t,Superhost,Brooklyn,Greenpoint,40.66008,-73.93896,Entire home/apt,244,6,40.67,5,81,2026-05-14,2.99,1,Single Listing,Moderate ($100-$250),221,4.83,https://www.airbnb.com/rooms/10854
10855,Rustic Retreat in Ridgewood,1031,Alex,f,Standard Host,Queens,Ridgewood,40.72106,-73.8088,Entire home/apt,126,2,63.0,2,56,2026-07-24,1.78,1,Single Listing,Moderate ($100-$250),32,4.63,https://www.airbnb.com/rooms/10855
10856,Bright Studio in Riverdale,1102,Carlos,f,Standard Host,Bronx,Riverdale,40.84599,-73.90482,Private room,85,1,85.0,2,16,2026-06-17,0.69,1,Single Listing,Budget (<$100),231,4.44,https://www.airbnb.com/rooms/10856
10857,Spacious Room in Harlem,1076,Alex,t,Superhost,Manhattan,Harlem,40.79319,-73.9406,Private room,244,1,244.0,4,79,2026-06-18,12.95,12,Multi-Listing Host (5+),Moderate ($100-$250),300,4.95,https://www.airbnb.com/rooms/10857
10858,Minimalist Penthouse in Midtown,1197,Ethan,f,Standard Host,Manhattan,Midtown,40.75972,-73.92193,Private room,157,2,78.5,3,29,2026-05-13,1.04,1,Single Listing,Moderate ($100-$250),208,4.47,https://www.airbnb.com/rooms/10858
10859,Spacious Penthouse in East Village,1246,James,f,Standard Host,Manhattan,East Village,40.82068,-73.98532,Private room,221,1,221.0,2,78,2026-07-16,2.82,1,Single Listing,Moderate ($100-$250),59,4.44,https://www.airbnb.com/rooms/10859
10860,Rustic Flat in Financial District,1257,David,f,Standard Host,Manhattan,Financial District,40.78699,-73.98926,Entire home/apt,263,8,32.88,1,18,2026-07-01,1.37,1,Single Listing,Luxury (>$250),174,4.45,https://www.airbnb.com/rooms/10860
10861,Minimalist Room in DUMBO,1222,Benjamin,t,Superhost,Brooklyn,DUMBO,40.64425,-73.96342,Private room,128,1,128.0,3,132,2026-03-02,6.22,1,Single Listing,Moderate ($100-$250),272,4.95,https://www.airbnb.com/rooms/10861
10862,Cozy Studio in Riverdale,1178,Noah,f,Standard Host,Bronx,Riverdale,40.84872,-73.84547,Entire home/apt,95,3,31.67,7,47,2026-07-22,2.56,12,Multi-Listing Host (5+),Budget (<$100),186,4.49,https://www.airbnb.com/rooms/10862
10863,Modern Suite in Harlem,1072,Ava,f,Standard Host,Manhattan,Harlem,40.73743,-74.01395,Private room,182,1,182.0,7,6,2026-07-02,0.19,1,Single Listing,Moderate ($100-$250),41,4.45,https://www.airbnb.com/rooms/10863
10864,Bright Brownstone Unit in Greenwich Village,1125,Noah,t,Superhost,Manhattan,Greenwich Village,40.79699,-73.97678,Entire home/apt,362,2,181.0,7,42,2026-03-14,6.1,1,Single Listing,Luxury (>$250),201,4.99,https://www.airbnb.com/rooms/10864
10865,Stunning Suite in Greenpoint,1133,Olivia,f,Standard Host,Brooklyn,Greenpoint,40.68556,-73.89887,Private room,134,1,134.0,1,102,2026-07-26,2.91,1,Single Listing,Moderate ($100-$250),131,4.39,https://www.airbnb.com/rooms/10865
10866,Quiet Brownstone Unit in Fordham,1286,Sophia,t,Superhost,Bronx,Fordham,40.82421,-73.87614,Entire home/apt,120,8,15.0,2,77,2026-07-20,2.96,1,Single Listing,Moderate ($100-$250),11,4.92,https://www.airbnb.com/rooms/10866
10867,Spacious Retreat in Pelham Bay,1040,Charlotte,f,Standard Host,Bronx,Pelham Bay,40.88244,-73.87633,Entire home/apt,71,6,11.83,1,30,2026-07-29,2.78,1,Single Listing,Budget (<$100),17,4.5,https://www.airbnb.com/rooms/10867
10868,Rustic Penthouse in Financial District,1121,Carlos,f,Standard Host,Manhattan,Financial District,40.79673,-73.98804,Entire home/apt,305,5,61.0,4,18,2026-07-27,1.93,3,Small Host (2-4),Luxury (>$250),231,4.48,https://www.airbnb.com/rooms/10868
10869,Boho Flat in Upper West Side,1338,James,f,Standard Host,Manhattan,Upper West Side,40.77214,-73.97677,Shared room,86,2,43.0,2,45,2026-04-07,3.34,1,Single Listing,Budget (<$100),167,4.61,https://www.airbnb.com/rooms/10869
10870,Sunny Room in Ridgewood,1034,Noah,f,Standard Host,Queens,Ridgewood,40.73629,-73.76992,Entire home/apt,101,4,25.25,1,24,2026-07-26,2.68,1,Single Listing,Moderate ($100-$250),56,4.32,https://www.airbnb.com/rooms/10870
10871,Bright Suite in Upper West Side,1016,Emma,f,Standard Host,Manhattan,Upper West Side,40.81109,-73.95529,Entire home/apt,153,2,76.5,1,25,2026-07-29,1.18,1,Single Listing,Moderate ($100-$250),93,4.32,https://www.airbnb.com/rooms/10871
10872,Minimalist Brownstone Unit in Hell's Kitchen,1026,Michael,t,Superhost,Manhattan,Hell's Kitchen,40.75148,-73.99664,Private room,137,1,137.0,4,45,2026-06-30,1.76,3,Small Host (2-4),Moderate ($100-$250),63,4.94,https://www.airbnb.com/rooms/10872
10873,Modern Retreat in Long Island City,1316,Sarah,f,Standard Host,Queens,Long Island City,40.73292,-73.86589,Private room,49,1,49.0,1,31,2026-07-08,1.91,1,Single Listing,Budget (<$100),71,4.62,https://www.airbnb.com/rooms/10873
10874,Quiet Room in Brooklyn Heights,1240,Charlotte,f,Standard Host,Brooklyn,Brooklyn Heights,40.66813,-73.94626,Entire home/apt,199,4,49.75,3,27,2026-03-20,2.54,1,Single Listing,Moderate ($100-$250),311,4.44,https://www.airbnb.com/rooms/10874
10875,Boho Room in Bushwick,1021,Benjamin,f,Standard Host,Brooklyn,Bushwick,40.6501,-73.95057,Private room,169,2,84.5,1,12,2026-01-03,0.6,2,Small Host (2-4),Moderate ($100-$250),96,4.26,https://www.airbnb.com/rooms/10875
10876,Rustic Loft in Harlem,1063,Liam,f,Standard Host,Manhattan,Harlem,40.8098,-73.96661,Entire home/apt,416,5,83.2,2,22,2026-07-03,1.09,1,Single Listing,Luxury (>$250),192,4.45,https://www.airbnb.com/rooms/10876
10877,Luxury Flat in SoHo,1046,Carlos,t,Superhost,Manhattan,SoHo,40.7676,-74.01598,Private room,124,1,124.0,1,48,2026-07-13,1.63,1,Single Listing,Moderate ($100-$250),67,4.95,https://www.airbnb.com/rooms/10877
10878,Bright Retreat in Tribeca,1006,Olivia,f,Standard Host,Manhattan,Tribeca,40.79242,-73.95666,Entire home/apt,213,4,53.25,2,37,2026-07-28,2.17,2,Small Host (2-4),Moderate ($100-$250),196,4.56,https://www.airbnb.com/rooms/10878
10879,Spacious Penthouse in Todt Hill,1315,Carlos,t,Superhost,Staten Island,Todt Hill,40.54285,-74.12505,Entire home/apt,166,3,55.33,2,114,2026-04-21,5.5,3,Small Host (2-4),Moderate ($100-$250),227,4.97,https://www.airbnb.com/rooms/10879
10880,Boho Studio in Cobble Hill,1057,David,f,Standard Host,Brooklyn,Cobble Hill,40.6905,-73.96566,Private room,153,1,153.0,2,26,2026-07-26,1.24,1,Single Listing,Moderate ($100-$250),89,4.47,https://www.airbnb.com/rooms/10880
10881,Charming Haven in Brooklyn Heights,1152,Olivia,f,Standard Host,Brooklyn,Brooklyn Heights,40.69984,-73.90972,Entire home/apt,364,4,91.0,2,25,2026-04-18,2.06,1,Single Listing,Luxury (>$250),195,4.41,https://www.airbnb.com/rooms/10881
10882,Minimalist Brownstone Unit in Crown Heights,1250,Carlos,t,Superhost,Brooklyn,Crown Heights,40.67571,-73.98396,Entire home/apt,245,2,122.5,2,70,2026-07-29,6.12,1,Single Listing,Moderate ($100-$250),180,4.97,https://www.airbnb.com/rooms/10882
10883,Quiet Haven in Park Slope,1265,Olivia,f,Standard Host,Brooklyn,Park Slope,40.73074,-73.95041,Entire home/apt,168,3,56.0,1,26,2026-02-11,0.96,8,Multi-Listing Host (5+),Moderate ($100-$250),290,4.19,https://www.airbnb.com/rooms/10883
10884,Sunny Studio in Harlem,1221,Noah,f,Standard Host,Manhattan,Harlem,40.78779,-73.9777,Private room,159,2,79.5,4,24,2026-05-22,2.13,1,Single Listing,Moderate ($100-$250),130,4.55,https://www.airbnb.com/rooms/10884
10885,Spacious Flat in Bedford-Stuyvesant,1168,Charlotte,f,Standard Host,Brooklyn,Bedford-Stuyvesant,40.6458,-73.93892,Private room,93,2,46.5,2,13,2026-06-21,0.4,1,Single Listing,Budget (<$100),140,4.33,https://www.airbnb.com/rooms/10885
10886,Boho Haven in Williamsburg,1093,Mia,t,Superhost,Brooklyn,Williamsburg,40.68153,-73.9418,Entire home/apt,422,3,140.67,4,118,2026-07-26,11.33,3,Small Host (2-4),Luxury (>$250),247,4.98,https://www.airbnb.com/rooms/10886
10887,Modern Brownstone Unit in Bushwick,1151,Jessica,f,Standard Host,Brooklyn,Bushwick,40.68984,-73.94652,Entire home/apt,246,3,82.0,2,33,2026-08-01,0.95,1,Single Listing,Moderate ($100-$250),101,4.09,https://www.airbnb.com/rooms/10887
10888,Minimalist Studio in St. George,1348,Liam,t,Superhost,Staten Island,St. George,40.59247,-74.09278,Entire home/apt,223,5,44.6,1,39,2026-04-25,1.16,1,Single Listing,Moderate ($100-$250),109,4.87,https://www.airbnb.com/rooms/10888
10889,Rustic Studio in Forest Hills,1107,Jessica,f,Standard Host,Queens,Forest Hills,40.73594,-73.79437,Private room,63,2,31.5,2,35,2026-07-16,1.84,1,Single Listing,Budget (<$100),286,4.49,https://www.airbnb.com/rooms/10889
10890,Charming Flat in Greenpoint,1314,Ava,t,Superhost,Brooklyn,Greenpoint,40.69844,-73.94513,Entire home/apt,281,4,70.25,2,54,2026-07-25,1.64,2,Small Host (2-4),Luxury (>$250),188,4.93,https://www.airbnb.com/rooms/10890
10891,Cozy Brownstone Unit in Astoria,1203,Carlos,f,Standard Host,Queens,Astoria,40.75065,-73.77233,Entire home/apt,175,3,58.33,7,21,2026-08-01,1.07,1,Single Listing,Moderate ($100-$250),232,4.4,https://www.airbnb.com/rooms/10891
10892,Charming Room in Greenpoint,1023,Ava,t,Superhost,Brooklyn,Greenpoint,40.70929,-73.94312,Entire home/apt,116,4,29.0,7,44,2026-05-04,1.33,1,Single Listing,Moderate ($100-$250),131,4.98,https://www.airbnb.com/rooms/10892
10893,Minimalist Studio in Williamsburg,1099,Emily,t,Superhost,Brooklyn,Williamsburg,40.66491,-73.95203,Entire home/apt,270,2,135.0,1,35,2026-03-25,3.72,1,Single Listing,Luxury (>$250),182,4.97,https://www.airbnb.com/rooms/10893
10894,Modern Room in Greenwich Village,1146,Daniel,f,Standard Host,Manhattan,Greenwich Village,40.79946,-74.0032,Private room,101,2,50.5,3,15,2026-06-13,2.21,1,Single Listing,Moderate ($100-$250),340,4.55,https://www.airbnb.com/rooms/10894
10895,Charming Loft in Bushwick,1171,Charlotte,f,Standard Host,Brooklyn,Bushwick,40.69554,-73.91622,Entire home/apt,138,6,23.0,2,15,2026-03-12,1.39,2,Small Host (2-4),Moderate ($100-$250),314,4.47,https://www.airbnb.com/rooms/10895
10896,Quiet Room in Brooklyn Heights,1068,Jessica,f,Standard Host,Brooklyn,Brooklyn Heights,40.6559,-73.98407,Entire home/apt,471,2,235.5,3,14,2026-07-09,0.98,1,Single Listing,Luxury (>$250),270,4.08,https://www.airbnb.com/rooms/10896
10897,Spacious Room in Harlem,1230,Emily,t,Superhost,Manhattan,Harlem,40.77041,-74.01129,Entire home/apt,465,4,116.25,7,77,2026-05-23,9.77,1,Single Listing,Luxury (>$250),191,4.98,https://www.airbnb.com/rooms/10897
10898,Chic Loft in Harlem,1342,Sarah,f,Standard Host,Manhattan,Harlem,40.8107,-73.94811,Entire home/apt,397,3,132.33,1,10,2026-05-20,0.45,2,Small Host (2-4),Luxury (>$250),174,4.58,https://www.airbnb.com/rooms/10898
10899,Quiet Room in Williamsburg,1221,Mia,f,Standard Host,Brooklyn,Williamsburg,40.66807,-73.91461,Entire home/apt,215,5,43.0,2,15,2026-07-29,0.61,2,Small Host (2-4),Moderate ($100-$250),287,4.5,https://www.airbnb.com/rooms/10899
10900,Rustic Apartment in Tribeca,1270,Noah,t,Superhost,Manhattan,Tribeca,40.79608,-73.98306,Private room,228,2,114.0,1,50,2026-05-13,4.48,1,Single Listing,Moderate ($100-$250),256,4.96,https://www.airbnb.com/rooms/10900
10901,Minimalist Room in Chelsea,1192,Michael,f,Standard Host,Manhattan,Chelsea,40.80158,-73.9929,Entire home/apt,241,3,80.33,1,8,2026-07-11,0.25,1,Single Listing,Moderate ($100-$250),220,4.44,https://www.airbnb.com/rooms/10901
10902,Cozy Flat in Forest Hills,1084,Emily,f,Standard Host,Queens,Forest Hills,40.7219,-73.73654,Entire home/apt,143,2,71.5,1,35,2026-07-01,4.87,2,Small Host (2-4),Moderate ($100-$250),185,4.57,https://www.airbnb.com/rooms/10902
10903,Cozy Studio in Chelsea,1021,Alex,f,Standard Host,Manhattan,Chelsea,40.79213,-73.95029,Entire home/apt,519,4,129.75,7,35,2026-07-27,1.13,1,Single Listing,Luxury (>$250),123,4.57,https://www.airbnb.com/rooms/10903
10904,Quiet Apartment in Midtown,1020,Carlos,f,Standard Host,Manhattan,Midtown,40.79353,-73.96107,Entire home/apt,272,3,90.67,1,23,2026-07-21,1.79,1,Single Listing,Luxury (>$250),56,4.65,https://www.airbnb.com/rooms/10904
10905,Stunning Haven in Forest Hills,1211,Emma,t,Superhost,Queens,Forest Hills,40.79375,-73.73975,Private room,59,3,19.67,7,43,2026-07-12,1.3,1,Single Listing,Budget (<$100),110,4.98,https://www.airbnb.com/rooms/10905
10906,Cozy Loft in Park Slope,1017,Sophia,f,Standard Host,Brooklyn,Park Slope,40.6645,-73.97234,Entire home/apt,188,2,94.0,2,15,2026-07-09,1.86,1,Single Listing,Moderate ($100-$250),271,4.53,https://www.airbnb.com/rooms/10906
10907,Charming Retreat in Sunnyside,1094,Sarah,f,Standard Host,Queens,Sunnyside,40.69995,-73.82134,Entire home/apt,144,2,72.0,2,29,2026-07-15,1.64,1,Single Listing,Moderate ($100-$250),15,4.29,https://www.airbnb.com/rooms/10907
10908,Stunning Room in Chelsea,1291,Sarah,t,Superhost,Manhattan,Chelsea,40.79993,-73.99565,Entire home/apt,512,3,170.67,7,52,2026-07-17,2.18,3,Small Host (2-4),Luxury (>$250),330,5.0,https://www.airbnb.com/rooms/10908
10909,Luxury Haven in Greenwich Village,1309,Alex,f,Standard Host,Manhattan,Greenwich Village,40.78091,-73.98566,Private room,149,1,149.0,2,7,2026-07-17,0.79,1,Single Listing,Moderate ($100-$250),277,4.27,https://www.airbnb.com/rooms/10909
10910,Chic Flat in Greenwich Village,1180,Sophia,t,Superhost,Manhattan,Greenwich Village,40.76076,-73.94216,Private room,213,2,106.5,3,72,2026-07-28,2.06,1,Single Listing,Moderate ($100-$250),54,4.94,https://www.airbnb.com/rooms/10910
10911,Stunning Room in Williamsburg,1296,Emma,t,Superhost,Brooklyn,Williamsburg,40.69501,-73.92132,Private room,81,2,40.5,7,88,2026-07-30,2.71,2,Small Host (2-4),Budget (<$100),126,4.97,https://www.airbnb.com/rooms/10911
10912,Boho Retreat in Ridgewood,1331,Benjamin,f,Standard Host,Queens,Ridgewood,40.7682,-73.81553,Entire home/apt,134,2,67.0,3,23,2026-05-04,0.91,1,Single Listing,Moderate ($100-$250),272,4.2,https://www.airbnb.com/rooms/10912
10913,Cozy Room in Crown Heights,1024,Liam,f,Standard Host,Brooklyn,Crown Heights,40.65585,-73.94453,Private room,72,1,72.0,2,70,2026-05-12,3.89,1,Single Listing,Budget (<$100),336,4.48,https://www.airbnb.com/rooms/10913
10914,Boho Studio in Bedford-Stuyvesant,1332,Ava,f,Standard Host,Brooklyn,Bedford-Stuyvesant,40.68908,-73.92599,Entire home/apt,124,4,31.0,2,7,2026-05-07,0.22,1,Single Listing,Moderate ($100-$250),93,4.5,https://www.airbnb.com/rooms/10914
10915,Quiet Flat in Bedford-Stuyvesant,1345,Ethan,f,Standard Host,Brooklyn,Bedford-Stuyvesant,40.68133,-73.97385,Private room,59,3,19.67,5,24,2026-06-30,3.88,1,Single Listing,Budget (<$100),322,4.5,https://www.airbnb.com/rooms/10915
10916,Quiet Flat in Midtown,1341,Emily,f,Standard Host,Manhattan,Midtown,40.78463,-73.96283,Private room,233,1,233.0,3,60,2026-05-04,4.15,1,Single Listing,Moderate ($100-$250),224,4.38,https://www.airbnb.com/rooms/10916
10917,Chic Loft in Financial District,1189,James,f,Standard Host,Manhattan,Financial District,40.76977,-73.95019,Entire home/apt,387,3,129.0,3,34,2026-03-31,3.27,1,Single Listing,Luxury (>$250),48,4.55,https://www.airbnb.com/rooms/10917
10918,Boho Retreat in Tribeca,1329,James,f,Standard Host,Manhattan,Tribeca,40.779,-73.96985,Private room,134,2,67.0,3,20,2026-06-10,0.62,3,Small Host (2-4),Moderate ($100-$250),82,4.5,https://www.airbnb.com/rooms/10918
10919,Modern Flat in Midtown,1244,Sarah,f,Standard Host,Manhattan,Midtown,40.78988,-73.95045,Entire home/apt,230,8,28.75,2,26,2026-04-06,0.81,1,Single Listing,Moderate ($100-$250),215,4.57,https://www.airbnb.com/rooms/10919
10920,Rustic Loft in Concourse,1154,Noah,t,Superhost,Bronx,Concourse,40.85362,-73.8462,Entire home/apt,224,6,37.33,1,48,2026-07-13,2.4,1,Single Listing,Moderate ($100-$250),286,4.94,https://www.airbnb.com/rooms/10920
10921,Modern Room in Park Slope,1201,David,t,Superhost,Brooklyn,Park Slope,40.68787,-73.9561,Entire home/apt,240,2,120.0,5,86,2026-07-18,5.96,1,Single Listing,Moderate ($100-$250),205,4.93,https://www.airbnb.com/rooms/10921
10922,Modern Retreat in Tribeca,1042,Jessica,t,Superhost,Manhattan,Tribeca,40.78583,-73.98846,Private room,83,2,41.5,1,112,2026-07-22,3.28,1,Single Listing,Budget (<$100),196,4.92,https://www.airbnb.com/rooms/10922
10923,Minimalist Penthouse in Ridgewood,1031,Emily,f,Standard Host,Queens,Ridgewood,40.67497,-73.7781,Private room,53,2,26.5,4,57,2026-07-15,1.97,2,Small Host (2-4),Budget (<$100),282,4.47,https://www.airbnb.com/rooms/10923
10924,Chic Brownstone Unit in DUMBO,1140,Noah,f,Standard Host,Brooklyn,DUMBO,40.6824,-73.97264,Private room,40,1,40.0,5,22,2026-07-04,1.17,2,Small Host (2-4),Budget (<$100),319,4.53,https://www.airbnb.com/rooms/10924
10925,Luxury Penthouse in East Village,1249,Jessica,t,Superhost,Manhattan,East Village,40.80125,-73.95203,Private room,156,1,156.0,7,66,2026-06-26,8.07,1,Single Listing,Moderate ($100-$250),308,5.0,https://www.airbnb.com/rooms/10925
10926,Spacious Suite in Financial District,1080,Ethan,f,Standard Host,Manhattan,Financial District,40.81033,-73.93036,Private room,87,2,43.5,1,14,2026-06-27,0.51,1,Single Listing,Budget (<$100),232,4.51,https://www.airbnb.com/rooms/10926
10927,Cozy Room in Harlem,1312,Emily,t,Superhost,Manhattan,Harlem,40.82939,-73.95653,Private room,127,1,127.0,3,33,2026-04-29,4.11,1,Single Listing,Moderate ($100-$250),348,4.93,https://www.airbnb.com/rooms/10927
10928,Cozy Penthouse in Bushwick,1295,Mia,t,Superhost,Brooklyn,Bushwick,40.67537,-73.94167,Entire home/apt,273,6,45.5,3,120,2026-07-11,4.59,1,Single Listing,Luxury (>$250),79,4.94,https://www.airbnb.com/rooms/10928
10929,Sunny Brownstone Unit in Bedford-Stuyvesant,1119,Alex,f,Standard Host,Brooklyn,Bedford-Stuyvesant,40.69312,-73.93876,Entire home/apt,130,3,43.33,4,66,2025-12-19,2.86,1,Single Listing,Moderate ($100-$250),27,4.45,https://www.airbnb.com/rooms/10929
10930,Spacious Apartment in Williamsburg,1002,Benjamin,f,Standard Host,Brooklyn,Williamsburg,40.69343,-73.91266,Entire home/apt,259,3,86.33,2,20,2026-04-11,1.36,1,Single Listing,Luxury (>$250),167,4.41,https://www.airbnb.com/rooms/10930
10931,Bright Flat in East Village,1208,Emma,t,Superhost,Manhattan,East Village,40.7704,-73.99031,Private room,96,2,48.0,1,40,2026-01-11,1.54,3,Small Host (2-4),Budget (<$100),180,4.99,https://www.airbnb.com/rooms/10931
10932,Modern Suite in Bushwick,1236,Sarah,t,Superhost,Brooklyn,Bushwick,40.67913,-73.96954,Entire home/apt,183,4,45.75,1,112,2026-06-22,3.81,1,Single Listing,Moderate ($100-$250),283,4.97,https://www.airbnb.com/rooms/10932
10933,Luxury Room in East Village,1241,Sophia,t,Superhost,Manhattan,East Village,40.81991,-73.99054,Private room,98,2,49.0,2,86,2026-06-16,7.82,1,Single Listing,Budget (<$100),147,4.93,https://www.airbnb.com/rooms/10933
10934,Rustic Suite in East Village,1178,Ava,f,Standard Host,Manhattan,East Village,40.76099,-73.98865,Entire home/apt,263,4,65.75,2,51,2026-06-22,6.89,1,Single Listing,Luxury (>$250),35,4.42,https://www.airbnb.com/rooms/10934
10935,Sunny Retreat in Jackson Heights,1061,Ava,t,Superhost,Queens,Jackson Heights,40.75404,-73.79285,Private room,75,1,75.0,4,108,2026-05-06,6.18,1,Single Listing,Budget (<$100),30,4.99,https://www.airbnb.com/rooms/10935
10936,Quiet Apartment in DUMBO,1228,Ava,f,Standard Host,Brooklyn,DUMBO,40.64425,-73.9708,Entire home/apt,135,2,67.5,1,19,2026-07-19,0.7,1,Single Listing,Moderate ($100-$250),131,4.47,https://www.airbnb.com/rooms/10936
10937,Charming Suite in Chelsea,1011,Noah,f,Standard Host,Manhattan,Chelsea,40.76533,-73.98497,Entire home/apt,311,6,51.83,3,29,2026-06-16,1.19,3,Small Host (2-4),Luxury (>$250),332,4.3,https://www.airbnb.com/rooms/10937
10938,Boho Apartment in Chelsea,1194,Emma,t,Superhost,Manhattan,Chelsea,40.74489,-73.98972,Private room,79,2,39.5,1,79,2026-05-29,8.46,2,Small Host (2-4),Budget (<$100),242,4.97,https://www.airbnb.com/rooms/10938
10939,Bright Loft in SoHo,1244,Mia,f,Standard Host,Manhattan,SoHo,40.78965,-73.9283,Private room,129,1,129.0,2,48,2026-07-19,1.9,1,Single Listing,Moderate ($100-$250),42,4.45,https://www.airbnb.com/rooms/10939
10940,Cozy Suite in Ridgewood,1249,Liam,f,Standard Host,Queens,Ridgewood,40.76197,-73.8068,Entire home/apt,169,2,84.5,2,24,2026-07-24,1.6,3,Small Host (2-4),Moderate ($100-$250),294,4.51,https://www.airbnb.com/rooms/10940
10941,Modern Studio in Ridgewood,1202,Emily,t,Superhost,Queens,Ridgewood,40.70633,-73.77928,Private room,70,1,70.0,2,36,2026-04-06,3.74,1,Single Listing,Budget (<$100),313,5.0,https://www.airbnb.com/rooms/10941
10942,Rustic Retreat in Long Island City,1312,James,t,Superhost,Queens,Long Island City,40.72977,-73.8056,Entire home/apt,134,4,33.5,1,104,2026-05-31,11.11,1,Single Listing,Moderate ($100-$250),210,4.93,https://www.airbnb.com/rooms/10942
10943,Sunny Retreat in Bedford-Stuyvesant,1253,Olivia,f,Standard Host,Brooklyn,Bedford-Stuyvesant,40.69639,-73.96535,Private room,87,1,87.0,2,17,2026-07-25,0.68,1,Single Listing,Budget (<$100),209,4.59,https://www.airbnb.com/rooms/10943
10944,Quiet Studio in Upper West Side,1086,Charlotte,f,Standard Host,Manhattan,Upper West Side,40.81101,-73.96967,Entire home/apt,208,3,69.33,2,9,2026-07-26,0.3,1,Single Listing,Moderate ($100-$250),81,4.39,https://www.airbnb.com/rooms/10944
10945,Cozy Penthouse in DUMBO,1208,Alex,t,Superhost,Brooklyn,DUMBO,40.64427,-73.93292,Private room,150,1,150.0,2,64,2026-02-01,2.3,1,Single Listing,Moderate ($100-$250),58,4.99,https://www.airbnb.com/rooms/10945
10946,Sunny Haven in Williamsburg,1108,Emily,f,Standard Host,Brooklyn,Williamsburg,40.67735,-73.9552,Entire home/apt,234,3,78.0,7,35,2026-07-09,1.33,1,Single Listing,Moderate ($100-$250),249,4.33,https://www.airbnb.com/rooms/10946
10947,Chic Studio in East Village,1273,Liam,f,Standard Host,Manhattan,East Village,40.78557,-74.01756,Private room,116,2,58.0,3,36,2026-06-22,1.31,1,Single Listing,Moderate ($100-$250),296,4.52,https://www.airbnb.com/rooms/10947
10948,Rustic Haven in Hell's Kitchen,1245,Mia,f,Standard Host,Manhattan,Hell's Kitchen,40.81337,-73.95899,Entire home/apt,316,2,158.0,1,16,2026-06-22,0.95,2,Small Host (2-4),Luxury (>$250),83,4.57,https://www.airbnb.com/rooms/10948
10949,Bright Apartment in Harlem,1133,Sarah,t,Superhost,Manhattan,Harlem,40.80071,-73.90201,Entire home/apt,404,4,101.0,2,49,2026-07-15,1.92,1,Single Listing,Luxury (>$250),131,4.97,https://www.airbnb.com/rooms/10949
10950,Rustic Studio in Tribeca,1123,Jessica,t,Superhost,Manhattan,Tribeca,40.79412,-73.95166,Entire home/apt,233,2,116.5,1,69,2026-06-22,1.98,1,Single Listing,Moderate ($100-$250),312,4.97,https://www.airbnb.com/rooms/10950
10951,Minimalist Brownstone Unit in Sunnyside,1138,Carlos,t,Superhost,Queens,Sunnyside,40.71528,-73.77188,Entire home/apt,216,3,72.0,1,70,2025-11-24,2.36,1,Single Listing,Moderate ($100-$250),89,5.0,https://www.airbnb.com/rooms/10951
10952,Sunny Flat in Tompkinsville,1112,Daniel,f,Standard Host,Staten Island,Tompkinsville,40.56572,-74.12526,Entire home/apt,90,3,30.0,1,52,2026-06-13,8.52,2,Small Host (2-4),Budget (<$100),203,4.58,https://www.airbnb.com/rooms/10952
10953,Cozy Studio in Financial District,1044,Sarah,f,Standard Host,Manhattan,Financial District,40.76607,-73.97157,Private room,134,2,67.0,7,45,2026-07-05,2.42,3,Small Host (2-4),Moderate ($100-$250),230,4.44,https://www.airbnb.com/rooms/10953
10954,Bright Flat in Greenwich Village,1325,Liam,f,Standard Host,Manhattan,Greenwich Village,40.78945,-73.96255,Hotel room,491,5,98.2,3,17,2025-12-07,0.5,2,Small Host (2-4),Luxury (>$250),302,4.39,https://www.airbnb.com/rooms/10954
10955,Charming Brownstone Unit in Forest Hills,1132,Charlotte,f,Standard Host,Queens,Forest Hills,40.7103,-73.69343,Private room,111,2,55.5,1,99,2026-07-11,3.08,8,Multi-Listing Host (5+),Moderate ($100-$250),123,4.58,https://www.airbnb.com/rooms/10955
10956,Rustic Retreat in East Village,1274,Michael,f,Standard Host,Manhattan,East Village,40.79014,-73.95729,Private room,200,3,66.67,7,19,2025-11-11,0.67,3,Small Host (2-4),Moderate ($100-$250),80,4.43,https://www.airbnb.com/rooms/10956
10957,Chic Studio in DUMBO,1327,Jessica,t,Superhost,Brooklyn,DUMBO,40.69779,-73.95209,Private room,106,2,53.0,2,39,2026-07-08,1.9,1,Single Listing,Moderate ($100-$250),158,4.95,https://www.airbnb.com/rooms/10957
10958,Cozy Flat in East Village,1295,Elena,f,Standard Host,Manhattan,East Village,40.75224,-73.95788,Private room,136,2,68.0,7,23,2026-07-03,0.79,1,Single Listing,Moderate ($100-$250),287,4.44,https://www.airbnb.com/rooms/10958
10959,Sunny Penthouse in Sunnyside,1279,Sarah,f,Standard Host,Queens,Sunnyside,40.74523,-73.77012,Entire home/apt,184,2,92.0,3,1,2026-07-08,0.05,4,Small Host (2-4),Moderate ($100-$250),277,4.45,https://www.airbnb.com/rooms/10959
10960,Sunny Room in Greenpoint,1089,James,f,Standard Host,Brooklyn,Greenpoint,40.6909,-73.9264,Hotel room,182,2,91.0,1,1,2026-07-12,0.05,1,Single Listing,Moderate ($100-$250),46,4.3,https://www.airbnb.com/rooms/10960
10961,Rustic Room in Harlem,1036,Noah,f,Standard Host,Manhattan,Harlem,40.79008,-73.95747,Entire home/apt,279,3,93.0,30,32,2026-06-26,1.15,1,Single Listing,Luxury (>$250),219,4.36,https://www.airbnb.com/rooms/10961
10962,Rustic Haven in Flushing,1032,Jessica,t,Superhost,Queens,Flushing,40.74422,-73.78313,Private room,89,2,44.5,2,98,2026-06-11,6.96,1,Single Listing,Budget (<$100),231,4.97,https://www.airbnb.com/rooms/10962
10963,Stunning Suite in Brooklyn Heights,1285,James,t,Superhost,Brooklyn,Brooklyn Heights,40.6914,-73.92924,Hotel room,185,3,61.67,30,60,2025-11-10,2.89,1,Single Listing,Moderate ($100-$250),17,4.9,https://www.airbnb.com/rooms/10963
10964,Charming Flat in Williamsburg,1281,Sarah,t,Superhost,Brooklyn,Williamsburg,40.6588,-73.9189,Private room,79,3,26.33,30,56,2026-06-17,3.37,1,Single Listing,Budget (<$100),81,4.91,https://www.airbnb.com/rooms/10964
10965,Luxury Studio in Astoria,1117,Emma,f,Standard Host,Queens,Astoria,40.67145,-73.78357,Entire home/apt,102,3,34.0,30,25,2026-05-13,0.76,2,Small Host (2-4),Moderate ($100-$250),277,4.37,https://www.airbnb.com/rooms/10965
10966,Stunning Room in Bedford-Stuyvesant,1203,Noah,f,Standard Host,Brooklyn,Bedford-Stuyvesant,40.68332,-73.93254,Private room,72,1,72.0,4,35,2026-05-18,1.56,1,Single Listing,Budget (<$100),94,4.38,https://www.airbnb.com/rooms/10966
10967,Rustic Room in Riverdale,1002,Liam,f,Standard Host,Bronx,Riverdale,40.891,-73.83182,Entire home/apt,127,5,25.4,7,8,2026-05-03,0.76,2,Small Host (2-4),Moderate ($100-$250),195,4.62,https://www.airbnb.com/rooms/10967
10968,Bright Brownstone Unit in Tribeca,1079,Emily,t,Superhost,Manhattan,Tribeca,40.83389,-73.97482,Entire home/apt,326,4,81.5,3,54,2026-07-17,1.66,1,Single Listing,Luxury (>$250),303,4.94,https://www.airbnb.com/rooms/10968
10969,Boho Studio in Upper West Side,1230,Sarah,f,Standard Host,Manhattan,Upper West Side,40.8052,-73.99388,Private room,201,2,100.5,30,36,2026-06-18,2.98,1,Single Listing,Moderate ($100-$250),288,4.38,https://www.airbnb.com/rooms/10969
10970,Quiet Loft in Forest Hills,1034,Carlos,f,Standard Host,Queens,Forest Hills,40.6477,-73.78596,Entire home/apt,204,2,102.0,7,36,2026-06-18,1.96,2,Small Host (2-4),Moderate ($100-$250),18,4.53,https://www.airbnb.com/rooms/10970
10971,Quiet Flat in Financial District,1324,Charlotte,t,Superhost,Manhattan,Financial District,40.77537,-73.96552,Entire home/apt,329,5,65.8,5,78,2026-07-31,2.56,4,Small Host (2-4),Luxury (>$250),13,4.99,https://www.airbnb.com/rooms/10971
10972,Sunny Studio in East Village,1076,Ethan,f,Standard Host,Manhattan,East Village,40.75799,-73.94579,Entire home/apt,338,3,112.67,2,38,2026-06-06,1.47,1,Single Listing,Luxury (>$250),33,4.35,https://www.airbnb.com/rooms/10972
10973,Boho Loft in Greenpoint,1116,Daniel,t,Superhost,Brooklyn,Greenpoint,40.64477,-73.93567,Private room,161,2,80.5,2,55,2026-04-12,7.55,1,Single Listing,Moderate ($100-$250),26,4.96,https://www.airbnb.com/rooms/10973
10974,Minimalist Penthouse in Crown Heights,1023,Olivia,t,Superhost,Brooklyn,Crown Heights,40.6806,-73.98337,Entire home/apt,217,3,72.33,1,53,2026-07-26,1.58,8,Multi-Listing Host (5+),Moderate ($100-$250),126,4.95,https://www.airbnb.com/rooms/10974
10975,Quiet Retreat in Long Island City,1322,Liam,f,Standard Host,Queens,Long Island City,40.65395,-73.74138,Entire home/apt,85,5,17.0,2,36,2026-06-01,3.51,1,Single Listing,Budget (<$100),331,4.5,https://www.airbnb.com/rooms/10975
10976,Bright Apartment in Greenwich Village,1119,Sophia,f,Standard Host,Manhattan,Greenwich Village,40.76341,-73.94534,Entire home/apt,276,3,92.0,2,25,2026-07-25,2.04,1,Single Listing,Luxury (>$250),265,4.37,https://www.airbnb.com/rooms/10976
10977,Chic Suite in Bedford-Stuyvesant,1287,Daniel,f,Standard Host,Brooklyn,Bedford-Stuyvesant,40.66868,-73.95975,Entire home/apt,232,2,116.0,2,21,2026-07-05,0.59,2,Small Host (2-4),Moderate ($100-$250),330,4.49,https://www.airbnb.com/rooms/10977
10978,Spacious Haven in Park Slope,1150,Liam,f,Standard Host,Brooklyn,Park Slope,40.65853,-73.91649,Entire home/apt,212,4,53.0,1,23,2026-06-03,2.72,1,Single Listing,Moderate ($100-$250),322,4.47,https://www.airbnb.com/rooms/10978
10979,Charming Studio in Midtown,1341,Emma,f,Standard Host,Manhattan,Midtown,40.82356,-73.98482,Entire home/apt,177,4,44.25,1,63,2026-04-22,2.66,2,Small Host (2-4),Moderate ($100-$250),259,4.33,https://www.airbnb.com/rooms/10979
10980,Rustic Brownstone Unit in Bedford-Stuyvesant,1208,Olivia,f,Standard Host,Brooklyn,Bedford-Stuyvesant,40.63082,-73.97763,Entire home/apt,147,8,18.38,2,3,2026-03-22,0.32,1,Single Listing,Moderate ($100-$250),241,4.49,https://www.airbnb.com/rooms/10980
10981,Quiet Haven in Stapleton,1161,Liam,f,Standard Host,Staten Island,Stapleton,40.57024,-74.14623,Entire home/apt,150,2,75.0,2,10,2026-07-18,0.3,1,Single Listing,Moderate ($100-$250),226,4.34,https://www.airbnb.com/rooms/10981
10982,Quiet Studio in Midtown,1168,David,f,Standard Host,Manhattan,Midtown,40.74126,-73.93797,Private room,204,1,204.0,7,23,2026-07-06,1.29,3,Small Host (2-4),Moderate ($100-$250),81,4.58,https://www.airbnb.com/rooms/10982
10983,Minimalist Retreat in Greenwich Village,1035,Ethan,f,Standard Host,Manhattan,Greenwich Village,40.78387,-73.93783,Entire home/apt,282,5,56.4,3,21,2026-07-27,1.51,1,Single Listing,Luxury (>$250),23,4.49,https://www.airbnb.com/rooms/10983
10984,Stunning Room in Harlem,1107,James,f,Standard Host,Manhattan,Harlem,40.75453,-73.972,Entire home/apt,215,6,35.83,2,16,2026-07-06,1.18,1,Single Listing,Moderate ($100-$250),52,4.53,https://www.airbnb.com/rooms/10984
10985,Minimalist Penthouse in Crown Heights,1302,Benjamin,f,Standard Host,Brooklyn,Crown Heights,40.68475,-73.93532,Entire home/apt,222,3,74.0,2,10,2026-06-29,0.39,2,Small Host (2-4),Moderate ($100-$250),36,4.49,https://www.airbnb.com/rooms/10985
10986,Stunning Loft in Williamsburg,1125,Michael,t,Superhost,Brooklyn,Williamsburg,40.6627,-73.91294,Entire home/apt,315,4,78.75,2,61,2026-04-27,6.69,1,Single Listing,Luxury (>$250),290,4.94,https://www.airbnb.com/rooms/10986
10987,Cozy Studio in Greenwich Village,1170,Benjamin,f,Standard Host,Manhattan,Greenwich Village,40.77114,-73.98407,Entire home/apt,156,3,52.0,3,10,2026-07-14,0.58,1,Single Listing,Moderate ($100-$250),110,4.21,https://www.airbnb.com/rooms/10987
10988,Sunny Flat in Midtown,1332,Carlos,f,Standard Host,Manhattan,Midtown,40.77179,-73.96182,Private room,202,1,202.0,1,19,2026-07-01,2.79,1,Single Listing,Moderate ($100-$250),171,4.55,https://www.airbnb.com/rooms/10988
10989,Spacious Loft in Williamsburg,1128,Daniel,f,Standard Host,Brooklyn,Williamsburg,40.71912,-73.91622,Entire home/apt,320,3,106.67,30,19,2026-07-31,1.86,2,Small Host (2-4),Luxury (>$250),324,4.56,https://www.airbnb.com/rooms/10989
10990,Charming Apartment in DUMBO,1099,Emily,f,Standard Host,Brooklyn,DUMBO,40.71361,-73.96093,Private room,89,1,89.0,3,31,2026-04-06,1.93,1,Single Listing,Budget (<$100),180,4.47,https://www.airbnb.com/rooms/10990
10991,Rustic Retreat in DUMBO,1003,Jessica,t,Superhost,Brooklyn,DUMBO,40.68116,-73.96502,Entire home/apt,179,3,59.67,7,100,2026-06-04,3.83,1,Single Listing,Moderate ($100-$250),134,4.96,https://www.airbnb.com/rooms/10991
10992,Quiet Brownstone Unit in Greenpoint,1208,Michael,t,Superhost,Brooklyn,Greenpoint,40.68667,-73.93175,Entire home/apt,328,2,164.0,7,66,2026-05-01,6.15,1,Single Listing,Luxury (>$250),271,4.9,https://www.airbnb.com/rooms/10992
10993,Sunny Suite in Upper West Side,1208,Ethan,f,Standard Host,Manhattan,Upper West Side,40.72135,-73.96052,Entire home/apt,458,2,229.0,4,23,2026-07-01,0.85,1,Single Listing,Luxury (>$250),305,4.45,https://www.airbnb.com/rooms/10993
10994,Boho Room in Chelsea,1253,Ethan,t,Superhost,Manhattan,Chelsea,40.75907,-73.9487,Hotel room,261,2,130.5,1,73,2026-06-15,2.58,1,Single Listing,Luxury (>$250),148,4.79,https://www.airbnb.com/rooms/10994
10995,Quiet Retreat in SoHo,1014,Sophia,f,Standard Host,Manhattan,SoHo,40.76192,-73.97123,Private room,104,1,104.0,7,28,2026-07-26,3.37,1,Single Listing,Moderate ($100-$250),266,4.37,https://www.airbnb.com/rooms/10995
10996,Modern Brownstone Unit in Brooklyn Heights,1107,Mia,t,Superhost,Brooklyn,Brooklyn Heights,40.67319,-73.92828,Entire home/apt,264,2,132.0,7,93,2026-01-22,3.06,1,Single Listing,Luxury (>$250),19,4.97,https://www.airbnb.com/rooms/10996
10997,Rustic Room in Crown Heights,1204,Daniel,f,Standard Host,Brooklyn,Crown Heights,40.72957,-73.89727,Shared room,52,1,52.0,2,19,2026-06-08,0.62,3,Small Host (2-4),Budget (<$100),309,4.27,https://www.airbnb.com/rooms/10997
10998,Rustic Loft in Greenwich Village,1041,Emma,t,Superhost,Manhattan,Greenwich Village,40.7632,-73.9645,Private room,124,2,62.0,2,145,2026-05-25,21.43,1,Single Listing,Moderate ($100-$250),121,4.96,https://www.airbnb.com/rooms/10998
10999,Boho Room in Greenwich Village,1015,Emma,f,Standard Host,Manhattan,Greenwich Village,40.79759,-73.9596,Private room,107,2,53.5,5,36,2026-05-28,1.77,2,Small Host (2-4),Moderate ($100-$250),346,4.45,https://www.airbnb.com/rooms/10999
11000,Boho Apartment in Bushwick,1136,Michael,f,Standard Host,Brooklyn,Bushwick,40.66998,-73.95337,Private room,178,3,59.33,4,14,2026-05-29,0.59,3,Small Host (2-4),Moderate ($100-$250),34,4.48,https://www.airbnb.com/rooms/11000
11001,Luxury Penthouse in Astoria,1214,Emma,f,Standard Host,Queens,Astoria,40.75075,-73.76365,Private room,154,2,77.0,1,15,2026-07-11,0.44,12,Multi-Listing Host (5+),Moderate ($100-$250),89,4.59,https://www.airbnb.com/rooms/11001
11002,Charming Studio in Greenwich Village,1050,Mia,f,Standard Host,Manhattan,Greenwich Village,40.79375,-73.95007,Hotel room,386,6,64.33,1,8,2026-07-19,0.38,1,Single Listing,Luxury (>$250),60,4.36,https://www.airbnb.com/rooms/11002
11003,Sunny Haven in Todt Hill,1267,Ava,f,Standard Host,Staten Island,Todt Hill,40.61041,-74.17086,Entire home/apt,130,2,65.0,30,32,2026-06-06,1.1,3,Small Host (2-4),Moderate ($100-$250),253,4.43,https://www.airbnb.com/rooms/11003
11004,Sunny Suite in Greenwich Village,1041,Sarah,f,Standard Host,Manhattan,Greenwich Village,40.78893,-73.96825,Private room,157,2,78.5,1,39,2026-03-29,2.37,1,Single Listing,Moderate ($100-$250),131,4.53,https://www.airbnb.com/rooms/11004
11005,Rustic Flat in Greenwich Village,1199,Michael,f,Standard Host,Manhattan,Greenwich Village,40.76561,-73.98338,Private room,123,1,123.0,5,19,2026-06-23,1.12,1,Single Listing,Moderate ($100-$250),248,4.59,https://www.airbnb.com/rooms/11005
11006,Sunny Retreat in Tribeca,1145,Noah,f,Standard Host,Manhattan,Tribeca,40.79313,-73.95497,Entire home/apt,250,6,41.67,3,14,2026-07-07,0.74,1,Single Listing,Moderate ($100-$250),215,4.38,https://www.airbnb.com/rooms/11006
11007,Quiet Retreat in Harlem,1045,Benjamin,t,Superhost,Manhattan,Harlem,40.79071,-73.98144,Private room,163,2,81.5,1,65,2026-05-30,2.05,1,Single Listing,Moderate ($100-$250),123,4.94,https://www.airbnb.com/rooms/11007
11008,Modern Suite in Park Slope,1263,Benjamin,f,Standard Host,Brooklyn,Park Slope,40.65456,-73.93171,Private room,76,1,76.0,2,1,2026-06-23,0.05,1,Single Listing,Budget (<$100),13,4.52,https://www.airbnb.com/rooms/11008
11009,Rustic Loft in Bushwick,1072,Emily,t,Superhost,Brooklyn,Bushwick,40.71465,-73.90922,Private room,118,1,118.0,3,62,2026-07-27,10.27,1,Single Listing,Moderate ($100-$250),293,4.93,https://www.airbnb.com/rooms/11009
11010,Boho Penthouse in East Village,1016,Carlos,t,Superhost,Manhattan,East Village,40.79344,-73.98442,Entire home/apt,154,8,19.25,1,168,2026-02-23,26.97,2,Small Host (2-4),Moderate ($100-$250),337,4.93,https://www.airbnb.com/rooms/11010
11011,Spacious Room in Concourse,1124,Alex,t,Superhost,Bronx,Concourse,40.87163,-73.8681,Entire home/apt,125,3,41.67,1,60,2026-03-31,2.46,2,Small Host (2-4),Moderate ($100-$250),271,4.97,https://www.airbnb.com/rooms/11011
11012,Rustic Loft in Tribeca,1322,David,f,Standard Host,Manhattan,Tribeca,40.77958,-73.98978,Private room,170,1,170.0,3,41,2026-01-07,1.62,1,Single Listing,Moderate ($100-$250),126,4.43,https://www.airbnb.com/rooms/11012
11013,Charming Apartment in Bushwick,1228,James,f,Standard Host,Brooklyn,Bushwick,40.68465,-73.90802,Private room,109,3,36.33,3,35,2026-06-12,2.04,1,Single Listing,Moderate ($100-$250),20,4.48,https://www.airbnb.com/rooms/11013
11014,Sunny Apartment in Williamsburg,1327,Sarah,f,Standard Host,Brooklyn,Williamsburg,40.65538,-73.92707,Entire home/apt,132,3,44.0,2,11,2026-05-09,0.85,1,Single Listing,Moderate ($100-$250),32,4.51,https://www.airbnb.com/rooms/11014
11015,Modern Penthouse in Bushwick,1154,Ethan,f,Standard Host,Brooklyn,Bushwick,40.70149,-73.9558,Private room,68,1,68.0,2,30,2026-07-14,1.67,3,Small Host (2-4),Budget (<$100),265,4.57,https://www.airbnb.com/rooms/11015
11016,Rustic Studio in Jackson Heights,1073,James,t,Superhost,Queens,Jackson Heights,40.76141,-73.77052,Entire home/apt,158,3,52.67,2,41,2026-07-26,2.28,1,Single Listing,Moderate ($100-$250),171,4.96,https://www.airbnb.com/rooms/11016
11017,Luxury Studio in Hell's Kitchen,1085,Elena,f,Standard Host,Manhattan,Hell's Kitchen,40.7651,-73.97874,Entire home/apt,301,2,150.5,7,10,2026-06-01,1.18,1,Single Listing,Luxury (>$250),81,4.56,https://www.airbnb.com/rooms/11017
11018,Quiet Brownstone Unit in Harlem,1317,Charlotte,t,Superhost,Manhattan,Harlem,40.76899,-73.98697,Private room,128,1,128.0,3,73,2026-07-25,6.46,1,Single Listing,Moderate ($100-$250),312,4.95,https://www.airbnb.com/rooms/11018
11019,Stunning Loft in Brooklyn Heights,1065,Elena,f,Standard Host,Brooklyn,Brooklyn Heights,40.70805,-73.98101,Entire home/apt,240,8,30.0,2,32,2026-07-16,2.43,1,Single Listing,Moderate ($100-$250),125,4.4,https://www.airbnb.com/rooms/11019
11020,Rustic Flat in Williamsburg,1332,Carlos,f,Standard Host,Brooklyn,Williamsburg,40.69068,-73.93931,Private room,96,1,96.0,2,12,2026-07-06,0.43,2,Small Host (2-4),Budget (<$100),11,4.41,https://www.airbnb.com/rooms/11020
11021,Minimalist Penthouse in Long Island City,1112,David,f,Standard Host,Queens,Long Island City,40.73176,-73.77055,Private room,44,1,44.0,1,27,2026-07-16,1.84,1,Single Listing,Budget (<$100),70,4.52,https://www.airbnb.com/rooms/11021
11022,Cozy Brownstone Unit in Financial District,1232,Mia,f,Standard Host,Manhattan,Financial District,40.80168,-73.97414,Entire home/apt,253,3,84.33,3,25,2026-07-27,2.31,1,Single Listing,Luxury (>$250),174,4.54,https://www.airbnb.com/rooms/11022
11023,Boho Retreat in Williamsburg,1201,Mia,f,Standard Host,Brooklyn,Williamsburg,40.68867,-73.92861,Private room,67,2,33.5,1,73,2026-07-06,7.53,1,Single Listing,Budget (<$100),80,4.53,https://www.airbnb.com/rooms/11023
11024,Sunny Flat in Cobble Hill,1043,Olivia,f,Standard Host,Brooklyn,Cobble Hill,40.68704,-73.95609,Entire home/apt,240,4,60.0,1,74,2026-05-21,2.3,1,Single Listing,Moderate ($100-$250),83,4.39,https://www.airbnb.com/rooms/11024
11025,Cozy Brownstone Unit in Cobble Hill,1246,Ava,f,Standard Host,Brooklyn,Cobble Hill,40.69275,-73.96384,Entire home/apt,176,2,88.0,1,46,2026-07-30,2.12,2,Small Host (2-4),Moderate ($100-$250),150,4.51,https://www.airbnb.com/rooms/11025
11026,Stunning Retreat in Long Island City,1228,Emily,f,Standard Host,Queens,Long Island City,40.71126,-73.8041,Entire home/apt,97,3,32.33,3,68,2026-05-10,4.41,1,Single Listing,Budget (<$100),220,4.27,https://www.airbnb.com/rooms/11026
11027,Minimalist Apartment in Greenwich Village,1148,Elena,f,Standard Host,Manhattan,Greenwich Village,40.79178,-73.95756,Private room,118,1,118.0,5,1,2026-07-26,0.06,3,Small Host (2-4),Moderate ($100-$250),37,4.44,https://www.airbnb.com/rooms/11027
11028,Minimalist Suite in Park Slope,1164,Alex,f,Standard Host,Brooklyn,Park Slope,40.68573,-73.94802,Private room,75,2,37.5,2,14,2026-05-02,0.73,1,Single Listing,Budget (<$100),12,4.55,https://www.airbnb.com/rooms/11028
11029,Modern Suite in Hell's Kitchen,1343,Alex,t,Superhost,Manhattan,Hell's Kitchen,40.72728,-73.95741,Private room,101,1,101.0,1,45,2026-07-24,1.85,2,Small Host (2-4),Moderate ($100-$250),294,4.99,https://www.airbnb.com/rooms/11029
11030,Cozy Loft in Harlem,1139,Carlos,t,Superhost,Manhattan,Harlem,40.78428,-73.98711,Private room,75,3,25.0,30,74,2026-04-04,7.24,1,Single Listing,Budget (<$100),276,4.96,https://www.airbnb.com/rooms/11030
11031,Bright Retreat in Harlem,1026,Noah,t,Superhost,Manhattan,Harlem,40.81086,-73.99621,Entire home/apt,534,6,89.0,7,105,2026-07-04,4.0,1,Single Listing,Luxury (>$250),270,4.97,https://www.airbnb.com/rooms/11031
11032,Luxury Apartment in Brooklyn Heights,1196,Alex,f,Standard Host,Brooklyn,Brooklyn Heights,40.71109,-73.95005,Private room,57,2,28.5,1,16,2026-03-05,0.45,1,Single Listing,Budget (<$100),36,4.49,https://www.airbnb.com/rooms/11032
11033,Chic Retreat in SoHo,1111,Elena,t,Superhost,Manhattan,SoHo,40.78386,-73.98003,Private room,161,2,80.5,1,44,2026-05-20,1.65,1,Single Listing,Moderate ($100-$250),34,4.89,https://www.airbnb.com/rooms/11033
11034,Sunny Penthouse in Williamsburg,1032,James,t,Superhost,Brooklyn,Williamsburg,40.67752,-73.95216,Entire home/apt,374,3,124.67,3,66,2026-07-13,2.57,1,Single Listing,Luxury (>$250),254,4.96,https://www.airbnb.com/rooms/11034
11035,Chic Suite in Crown Heights,1207,Noah,f,Standard Host,Brooklyn,Crown Heights,40.71266,-73.93488,Entire home/apt,136,3,45.33,1,70,2026-03-09,3.52,1,Single Listing,Moderate ($100-$250),320,4.27,https://www.airbnb.com/rooms/11035
11036,Stunning Studio in Bushwick,1200,Sophia,f,Standard Host,Brooklyn,Bushwick,40.68758,-73.95513,Entire home/apt,213,3,71.0,3,25,2026-06-18,0.89,1,Single Listing,Moderate ($100-$250),91,4.49,https://www.airbnb.com/rooms/11036
11037,Quiet Apartment in Williamsburg,1098,James,t,Superhost,Brooklyn,Williamsburg,40.64363,-73.8839,Entire home/apt,168,3,56.0,2,70,2026-05-05,2.73,1,Single Listing,Moderate ($100-$250),154,4.97,https://www.airbnb.com/rooms/11037
11038,Minimalist Brownstone Unit in Hell's Kitchen,1277,James,f,Standard Host,Manhattan,Hell's Kitchen,40.7721,-73.97423,Private room,151,2,75.5,7,28,2026-07-19,1.3,1,Single Listing,Moderate ($100-$250),246,4.37,https://www.airbnb.com/rooms/11038
11039,Modern Studio in Cobble Hill,1327,Elena,f,Standard Host,Brooklyn,Cobble Hill,40.68484,-73.96062,Entire home/apt,219,4,54.75,1,31,2026-02-12,1.01,4,Small Host (2-4),Moderate ($100-$250),298,4.66,https://www.airbnb.com/rooms/11039
11040,Charming Room in Crown Heights,1248,Mia,f,Standard Host,Brooklyn,Crown Heights,40.68934,-73.98142,Entire home/apt,165,6,27.5,3,10,2026-04-18,1.22,1,Single Listing,Moderate ($100-$250),152,4.5,https://www.airbnb.com/rooms/11040
11041,Stunning Brownstone Unit in Williamsburg,1340,Benjamin,f,Standard Host,Brooklyn,Williamsburg,40.65688,-73.91438,Private room,52,1,52.0,2,50,2026-06-06,2.95,1,Single Listing,Budget (<$100),214,4.32,https://www.airbnb.com/rooms/11041
11042,Rustic Suite in Financial District,1121,Daniel,t,Superhost,Manhattan,Financial District,40.7519,-73.99458,Private room,114,1,114.0,3,30,2026-07-04,0.84,2,Small Host (2-4),Moderate ($100-$250),110,4.85,https://www.airbnb.com/rooms/11042
11043,Spacious Studio in Riverdale,1133,Emily,f,Standard Host,Bronx,Riverdale,40.85079,-73.85864,Entire home/apt,75,4,18.75,7,17,2026-07-27,0.72,2,Small Host (2-4),Budget (<$100),29,4.49,https://www.airbnb.com/rooms/11043
11044,Spacious Flat in Harlem,1206,Elena,f,Standard Host,Manhattan,Harlem,40.78797,-73.97556,Entire home/apt,308,4,77.0,2,45,2026-07-09,3.72,1,Single Listing,Luxury (>$250),115,4.37,https://www.airbnb.com/rooms/11044
11045,Quiet Brownstone Unit in Upper West Side,1130,Liam,t,Superhost,Manhattan,Upper West Side,40.76268,-73.98088,Entire home/apt,237,6,39.5,2,87,2025-09-19,9.94,2,Small Host (2-4),Moderate ($100-$250),81,4.98,https://www.airbnb.com/rooms/11045
11046,Rustic Studio in Tribeca,1304,Jessica,f,Standard Host,Manhattan,Tribeca,40.78241,-73.95866,Entire home/apt,388,3,129.33,3,69,2026-07-11,9.21,1,Single Listing,Luxury (>$250),18,4.64,https://www.airbnb.com/rooms/11046
11047,Cozy Studio in Greenpoint,1059,Liam,f,Standard Host,Brooklyn,Greenpoint,40.66953,-73.89842,Entire home/apt,320,2,160.0,7,52,2026-05-07,2.17,1,Single Listing,Luxury (>$250),16,4.36,https://www.airbnb.com/rooms/11047
11048,Charming Suite in Williamsburg,1284,Benjamin,f,Standard Host,Brooklyn,Williamsburg,40.69082,-73.97736,Entire home/apt,185,4,46.25,1,73,2026-06-04,2.55,1,Single Listing,Moderate ($100-$250),127,4.38,https://www.airbnb.com/rooms/11048
11049,Bright Suite in Park Slope,1088,Ava,f,Standard Host,Brooklyn,Park Slope,40.66162,-73.93571,Entire home/apt,207,2,103.5,4,25,2025-12-05,0.76,3,Small Host (2-4),Moderate ($100-$250),11,4.48,https://www.airbnb.com/rooms/11049
11050,Bright Penthouse in East Village,1109,Emily,t,Superhost,Manhattan,East Village,40.77505,-73.95315,Private room,171,2,85.5,3,74,2026-05-27,4.85,12,Multi-Listing Host (5+),Moderate ($100-$250),252,4.94,https://www.airbnb.com/rooms/11050
11051,Minimalist Apartment in Bushwick,1051,Noah,f,Standard Host,Brooklyn,Bushwick,40.6543,-73.92807,Entire home/apt,301,3,100.33,3,33,2026-07-31,1.27,3,Small Host (2-4),Luxury (>$250),213,4.42,https://www.airbnb.com/rooms/11051
11052,Bright Retreat in Park Slope,1223,Benjamin,f,Standard Host,Brooklyn,Park Slope,40.65629,-73.93727,Entire home/apt,239,4,59.75,2,2,2026-07-21,0.07,1,Single Listing,Moderate ($100-$250),338,4.56,https://www.airbnb.com/rooms/11052
11053,Bright Room in Mott Haven,1163,Ethan,f,Standard Host,Bronx,Mott Haven,40.81911,-73.85885,Entire home/apt,83,2,41.5,1,27,2026-05-12,1.58,4,Small Host (2-4),Budget (<$100),25,4.27,https://www.airbnb.com/rooms/11053
11054,Stunning Retreat in Hell's Kitchen,1248,Ava,f,Standard Host,Manhattan,Hell's Kitchen,40.80221,-73.9337,Entire home/apt,507,4,126.75,1,8,2026-07-20,0.29,1,Single Listing,Luxury (>$250),336,4.38,https://www.airbnb.com/rooms/11054
11055,Modern Apartment in Sunnyside,1120,Alex,f,Standard Host,Queens,Sunnyside,40.70861,-73.76778,Entire home/apt,159,4,39.75,3,2,2026-07-31,0.07,1,Single Listing,Moderate ($100-$250),317,4.44,https://www.airbnb.com/rooms/11055
11056,Minimalist Flat in Chelsea,1288,Alex,f,Standard Host,Manhattan,Chelsea,40.78415,-73.98273,Entire home/apt,337,6,56.17,3,2,2026-07-03,0.18,1,Single Listing,Luxury (>$250),81,4.58,https://www.airbnb.com/rooms/11056
11057,Minimalist Suite in Crown Heights,1013,Carlos,f,Standard Host,Brooklyn,Crown Heights,40.63466,-73.93577,Private room,142,2,71.0,3,17,2026-07-15,0.51,3,Small Host (2-4),Moderate ($100-$250),287,4.26,https://www.airbnb.com/rooms/11057
11058,Sunny Retreat in Upper West Side,1034,James,f,Standard Host,Manhattan,Upper West Side,40.79877,-73.97158,Entire home/apt,415,3,138.33,3,33,2026-07-11,2.76,2,Small Host (2-4),Luxury (>$250),127,4.41,https://www.airbnb.com/rooms/11058
11059,Charming Room in Riverdale,1201,Olivia,f,Standard Host,Bronx,Riverdale,40.8679,-73.8947,Entire home/apt,172,2,86.0,2,27,2026-04-26,1.48,2,Small Host (2-4),Moderate ($100-$250),346,4.55,https://www.airbnb.com/rooms/11059
11060,Charming Apartment in Greenwich Village,1017,Elena,t,Superhost,Manhattan,Greenwich Village,40.7885,-73.94058,Private room,157,2,78.5,5,60,2026-07-22,3.33,1,Single Listing,Moderate ($100-$250),36,4.93,https://www.airbnb.com/rooms/11060
11061,Sunny Loft in Jackson Heights,1240,Benjamin,t,Superhost,Queens,Jackson Heights,40.71242,-73.8069,Entire home/apt,274,4,68.5,1,82,2026-02-27,6.19,1,Single Listing,Luxury (>$250),80,4.94,https://www.airbnb.com/rooms/11061
11062,Minimalist Penthouse in Harlem,1176,Alex,f,Standard Host,Manhattan,Harlem,40.76181,-73.98181,Entire home/apt,186,8,23.25,4,8,2026-04-19,0.3,3,Small Host (2-4),Moderate ($100-$250),327,4.28,https://www.airbnb.com/rooms/11062
11063,Sunny Penthouse in East Village,1015,James,f,Standard Host,Manhattan,East Village,40.79439,-73.96166,Entire home/apt,187,2,93.5,2,25,2026-06-21,1.15,2,Small Host (2-4),Moderate ($100-$250),293,4.55,https://www.airbnb.com/rooms/11063
11064,Spacious Brownstone Unit in East Village,1310,Michael,f,Standard Host,Manhattan,East Village,40.81548,-73.97322,Shared room,133,1,133.0,1,7,2026-05-07,1.01,1,Single Listing,Moderate ($100-$250),105,4.52,https://www.airbnb.com/rooms/11064
11065,Cozy Flat in Crown Heights,1072,Michael,f,Standard Host,Brooklyn,Crown Heights,40.65514,-73.93545,Hotel room,173,5,34.6,4,52,2026-06-20,2.39,1,Single Listing,Moderate ($100-$250),236,4.42,https://www.airbnb.com/rooms/11065
11066,Boho Loft in Williamsburg,1221,Emily,t,Superhost,Brooklyn,Williamsburg,40.6968,-73.96041,Private room,121,2,60.5,1,74,2026-03-05,3.33,1,Single Listing,Moderate ($100-$250),224,4.91,https://www.airbnb.com/rooms/11066
11067,Luxury Loft in Riverdale,1285,Noah,f,Standard Host,Bronx,Riverdale,40.84206,-73.85063,Private room,35,1,35.0,1,43,2026-04-06,2.53,2,Small Host (2-4),Budget (<$100),99,4.17,https://www.airbnb.com/rooms/11067
11068,Minimalist Loft in Harlem,1239,Jessica,f,Standard Host,Manhattan,Harlem,40.822,-74.00479,Entire home/apt,329,2,164.5,7,51,2026-07-15,2.01,1,Single Listing,Luxury (>$250),200,4.41,https://www.airbnb.com/rooms/11068
11069,Chic Loft in Forest Hills,1248,Mia,t,Superhost,Queens,Forest Hills,40.71819,-73.80928,Hotel room,150,4,37.5,7,92,2026-04-24,2.64,3,Small Host (2-4),Moderate ($100-$250),119,4.98,https://www.airbnb.com/rooms/11069
11070,Sunny Apartment in Long Island City,1258,Mia,t,Superhost,Queens,Long Island City,40.75594,-73.79985,Entire home/apt,136,4,34.0,4,49,2026-06-25,3.91,2,Small Host (2-4),Moderate ($100-$250),68,4.99,https://www.airbnb.com/rooms/11070
11071,Luxury Room in Brooklyn Heights,1305,Charlotte,f,Standard Host,Brooklyn,Brooklyn Heights,40.65128,-73.94205,Entire home/apt,216,2,108.0,2,17,2026-06-18,0.6,1,Single Listing,Moderate ($100-$250),294,4.59,https://www.airbnb.com/rooms/11071
11072,Quiet Retreat in Williamsburg,1204,Sarah,t,Superhost,Brooklyn,Williamsburg,40.67175,-73.93371,Entire home/apt,300,5,60.0,1,58,2026-07-11,2.2,1,Single Listing,Luxury (>$250),84,4.96,https://www.airbnb.com/rooms/11072
11073,Minimalist Retreat in Williamsburg,1068,Benjamin,t,Superhost,Brooklyn,Williamsburg,40.69482,-73.93567,Private room,107,1,107.0,2,56,2026-06-15,2.54,1,Single Listing,Moderate ($100-$250),130,4.98,https://www.airbnb.com/rooms/11073
11074,Quiet Haven in Bushwick,1327,Sophia,t,Superhost,Brooklyn,Bushwick,40.66672,-73.91675,Private room,75,2,37.5,2,55,2026-05-11,8.62,1,Single Listing,Budget (<$100),166,4.97,https://www.airbnb.com/rooms/11074
11075,Minimalist Loft in Midtown,1052,Sarah,f,Standard Host,Manhattan,Midtown,40.79352,-73.96967,Entire home/apt,206,6,34.33,2,16,2026-07-21,1.02,1,Single Listing,Moderate ($100-$250),280,4.44,https://www.airbnb.com/rooms/11075
11076,Minimalist Loft in Ridgewood,1156,Elena,t,Superhost,Queens,Ridgewood,40.73679,-73.79399,Private room,44,1,44.0,1,84,2026-06-21,4.28,2,Small Host (2-4),Budget (<$100),238,4.88,https://www.airbnb.com/rooms/11076
11077,Charming Studio in Cobble Hill,1124,Ethan,t,Superhost,Brooklyn,Cobble Hill,40.63657,-73.94432,Private room,104,1,104.0,5,66,2026-07-19,3.34,1,Single Listing,Moderate ($100-$250),278,4.96,https://www.airbnb.com/rooms/11077
11078,Charming Retreat in Harlem,1148,Liam,f,Standard Host,Manhattan,Harlem,40.74911,-73.96527,Private room,228,1,228.0,3,63,2026-07-11,7.08,1,Single Listing,Moderate ($100-$250),62,4.24,https://www.airbnb.com/rooms/11078
11079,Rustic Apartment in Financial District,1213,James,f,Standard Host,Manhattan,Financial District,40.76346,-73.95632,Entire home/apt,228,5,45.6,3,30,2026-07-17,0.89,2,Small Host (2-4),Moderate ($100-$250),50,4.54,https://www.airbnb.com/rooms/11079
11080,Chic Apartment in Bedford-Stuyvesant,1059,Jessica,f,Standard Host,Brooklyn,Bedford-Stuyvesant,40.69391,-73.93699,Private room,54,1,54.0,1,19,2026-06-11,0.72,1,Single Listing,Budget (<$100),241,4.56,https://www.airbnb.com/rooms/11080
11081,Rustic Flat in East Village,1229,Ethan,f,Standard Host,Manhattan,East Village,40.77906,-73.97167,Private room,93,3,31.0,7,28,2026-06-11,2.06,1,Single Listing,Budget (<$100),307,4.3,https://www.airbnb.com/rooms/11081
11082,Boho Penthouse in Harlem,1057,James,f,Standard Host,Manhattan,Harlem,40.75141,-73.96146,Entire home/apt,273,3,91.0,1,20,2026-03-21,0.56,1,Single Listing,Luxury (>$250),49,4.41,https://www.airbnb.com/rooms/11082
11083,Luxury Retreat in Chelsea,1087,Charlotte,f,Standard Host,Manhattan,Chelsea,40.80006,-73.95972,Private room,167,3,55.67,1,12,2026-06-13,0.58,3,Small Host (2-4),Moderate ($100-$250),303,4.5,https://www.airbnb.com/rooms/11083
11084,Minimalist Suite in Forest Hills,1201,Noah,f,Standard Host,Queens,Forest Hills,40.6998,-73.8283,Private room,49,1,49.0,3,5,2026-04-28,0.3,1,Single Listing,Budget (<$100),68,4.6,https://www.airbnb.com/rooms/11084
11085,Luxury Flat in Bushwick,1270,Carlos,t,Superhost,Brooklyn,Bushwick,40.68421,-73.96182,Entire home/apt,273,2,136.5,1,83,2026-07-08,3.86,3,Small Host (2-4),Luxury (>$250),225,4.96,https://www.airbnb.com/rooms/11085
11086,Modern Loft in Ridgewood,1143,Daniel,f,Standard Host,Queens,Ridgewood,40.70707,-73.79408,Entire home/apt,113,2,56.5,1,37,2026-02-04,1.04,3,Small Host (2-4),Moderate ($100-$250),262,4.58,https://www.airbnb.com/rooms/11086
11087,Chic Penthouse in Long Island City,1278,Liam,t,Superhost,Queens,Long Island City,40.71997,-73.82438,Entire home/apt,141,4,35.25,7,53,2026-07-16,6.99,1,Single Listing,Moderate ($100-$250),250,4.96,https://www.airbnb.com/rooms/11087
11088,Minimalist Loft in Williamsburg,1186,Ethan,f,Standard Host,Brooklyn,Williamsburg,40.68702,-73.95967,Private room,69,1,69.0,4,17,2026-06-23,1.84,1,Single Listing,Budget (<$100),106,4.42,https://www.airbnb.com/rooms/11088
11089,Rustic Retreat in Tribeca,1319,Mia,t,Superhost,Manhattan,Tribeca,40.82077,-73.95508,Entire home/apt,577,3,192.33,1,45,2026-07-21,4.51,1,Single Listing,Luxury (>$250),148,4.92,https://www.airbnb.com/rooms/11089
11090,Boho Studio in Jackson Heights,1345,Emily,t,Superhost,Queens,Jackson Heights,40.73649,-73.80453,Entire home/apt,83,2,41.5,30,61,2026-07-11,4.34,1,Single Listing,Budget (<$100),148,4.91,https://www.airbnb.com/rooms/11090
11091,Rustic Retreat in Upper West Side,1308,Olivia,f,Standard Host,Manhattan,Upper West Side,40.78438,-73.93314,Entire home/apt,333,3,111.0,1,44,2026-06-11,1.8,1,Single Listing,Luxury (>$250),263,4.49,https://www.airbnb.com/rooms/11091
11092,Quiet Penthouse in Bushwick,1326,David,t,Superhost,Brooklyn,Bushwick,40.67148,-73.92178,Entire home/apt,181,3,60.33,1,43,2026-04-20,1.65,1,Single Listing,Moderate ($100-$250),339,4.97,https://www.airbnb.com/rooms/11092
11093,Cozy Flat in Bedford-Stuyvesant,1325,Jessica,t,Superhost,Brooklyn,Bedford-Stuyvesant,40.67806,-73.97775,Entire home/apt,163,3,54.33,5,50,2026-07-28,5.69,1,Single Listing,Moderate ($100-$250),108,4.96,https://www.airbnb.com/rooms/11093
11094,Spacious Retreat in Jackson Heights,1077,Olivia,t,Superhost,Queens,Jackson Heights,40.75507,-73.79064,Private room,61,2,30.5,1,51,2026-07-17,2.3,1,Single Listing,Budget (<$100),116,4.88,https://www.airbnb.com/rooms/11094
11095,Chic Flat in Financial District,1186,Olivia,t,Superhost,Manhattan,Financial District,40.78295,-73.96569,Entire home/apt,247,2,123.5,2,85,2026-06-11,2.74,1,Single Listing,Moderate ($100-$250),296,4.97,https://www.airbnb.com/rooms/11095
11096,Chic Suite in Todt Hill,1005,Emily,f,Standard Host,Staten Island,Todt Hill,40.57016,-74.10933,Private room,35,2,17.5,1,38,2026-07-09,1.89,2,Small Host (2-4),Budget (<$100),73,4.38,https://www.airbnb.com/rooms/11096
11097,Boho Studio in Financial District,1261,Benjamin,t,Superhost,Manhattan,Financial District,40.78854,-73.98861,Entire home/apt,301,2,150.5,2,88,2026-06-26,3.76,1,Single Listing,Luxury (>$250),64,4.95,https://www.airbnb.com/rooms/11097
11098,Bright Retreat in Jackson Heights,1134,Charlotte,f,Standard Host,Queens,Jackson Heights,40.77557,-73.77052,Entire home/apt,94,2,47.0,1,3,2026-05-15,0.16,1,Single Listing,Budget (<$100),183,4.52,https://www.airbnb.com/rooms/11098
11099,Quiet Flat in Williamsburg,1134,Ethan,f,Standard Host,Brooklyn,Williamsburg,40.66859,-73.96687,Private room,109,2,54.5,1,98,2026-05-08,6.83,2,Small Host (2-4),Moderate ($100-$250),181,4.26,https://www.airbnb.com/rooms/11099
11100,Modern Brownstone Unit in Long Island City,1136,Jessica,f,Standard Host,Queens,Long Island City,40.77251,-73.82066,Entire home/apt,140,3,46.67,2,28,2026-07-16,1.06,1,Single Listing,Moderate ($100-$250),261,4.51,https://www.airbnb.com/rooms/11100
11101,Rustic Brownstone Unit in Flushing,1128,Noah,f,Standard Host,Queens,Flushing,40.67544,-73.79961,Private room,65,2,32.5,1,34,2026-07-31,1.09,1,Single Listing,Budget (<$100),82,4.48,https://www.airbnb.com/rooms/11101
11102,Boho Room in Bushwick,1151,Noah,f,Standard Host,Brooklyn,Bushwick,40.65267,-73.91062,Entire home/apt,181,2,90.5,3,89,2026-02-08,8.56,1,Single Listing,Moderate ($100-$250),120,4.53,https://www.airbnb.com/rooms/11102
11103,Quiet Apartment in Financial District,1126,Emily,t,Superhost,Manhattan,Financial District,40.78188,-73.94739,Private room,199,1,199.0,7,65,2026-07-11,2.0,1,Single Listing,Moderate ($100-$250),246,4.81,https://www.airbnb.com/rooms/11103
11104,Charming Retreat in Bedford-Stuyvesant,1161,Sarah,f,Standard Host,Brooklyn,Bedford-Stuyvesant,40.67439,-73.98988,Entire home/apt,343,6,57.17,3,34,2026-06-05,1.07,1,Single Listing,Luxury (>$250),342,4.33,https://www.airbnb.com/rooms/11104
11105,Stunning Penthouse in Bedford-Stuyvesant,1236,James,f,Standard Host,Brooklyn,Bedford-Stuyvesant,40.63678,-73.96956,Entire home/apt,362,6,60.33,2,28,2026-06-23,0.81,1,Single Listing,Luxury (>$250),51,4.53,https://www.airbnb.com/rooms/11105
11106,Bright Room in East Village,1334,Daniel,t,Superhost,Manhattan,East Village,40.77488,-73.94144,Private room,208,2,104.0,2,108,2026-07-06,6.29,2,Small Host (2-4),Moderate ($100-$250),133,4.88,https://www.airbnb.com/rooms/11106
11107,Bright Suite in Tribeca,1217,Elena,t,Superhost,Manhattan,Tribeca,40.81881,-73.97499,Private room,290,3,96.67,30,46,2026-07-31,3.33,1,Single Listing,Luxury (>$250),50,5.0,https://www.airbnb.com/rooms/11107
11108,Charming Brownstone Unit in Ridgewood,1040,Michael,f,Standard Host,Queens,Ridgewood,40.69725,-73.75059,Private room,61,2,30.5,1,30,2026-07-10,1.13,2,Small Host (2-4),Budget (<$100),239,4.58,https://www.airbnb.com/rooms/11108
11109,Bright Apartment in DUMBO,1048,Noah,f,Standard Host,Brooklyn,DUMBO,40.6747,-73.97217,Entire home/apt,119,4,29.75,3,17,2026-03-25,0.97,2,Small Host (2-4),Moderate ($100-$250),18,4.41,https://www.airbnb.com/rooms/11109
11110,Modern Apartment in SoHo,1329,Charlotte,t,Superhost,Manhattan,SoHo,40.78102,-73.94489,Entire home/apt,319,4,79.75,3,94,2026-04-14,6.08,1,Single Listing,Luxury (>$250),329,4.84,https://www.airbnb.com/rooms/11110
11111,Rustic Room in Midtown,1199,Liam,t,Superhost,Manhattan,Midtown,40.77457,-73.96014,Entire home/apt,265,3,88.33,5,79,2026-04-03,4.02,1,Single Listing,Luxury (>$250),11,4.94,https://www.airbnb.com/rooms/11111
11112,Spacious Suite in Midtown,1116,Noah,f,Standard Host,Manhattan,Midtown,40.78762,-73.94123,Private room,108,1,108.0,2,21,2026-04-02,1.37,1,Single Listing,Moderate ($100-$250),164,4.44,https://www.airbnb.com/rooms/11112
11113,Rustic Flat in Astoria,1264,Elena,t,Superhost,Queens,Astoria,40.70886,-73.79557,Entire home/apt,282,6,47.0,2,77,2026-05-22,3.06,1,Single Listing,Luxury (>$250),318,4.94,https://www.airbnb.com/rooms/11113
11114,Chic Flat in Financial District,1039,Jessica,f,Standard Host,Manhattan,Financial District,40.77676,-74.00218,Private room,128,2,64.0,7,22,2026-07-19,1.77,1,Single Listing,Moderate ($100-$250),310,4.5,https://www.airbnb.com/rooms/11114
11115,Chic Penthouse in Midtown,1034,James,f,Standard Host,Manhattan,Midtown,40.77615,-74.0336,Shared room,103,1,103.0,2,11,2026-07-29,0.38,1,Single Listing,Moderate ($100-$250),62,4.43,https://www.airbnb.com/rooms/11115
11116,Rustic Brownstone Unit in Chelsea,1206,Michael,t,Superhost,Manhattan,Chelsea,40.80268,-73.98823,Entire home/apt,945,2,472.5,2,52,2026-06-27,3.49,3,Small Host (2-4),Luxury (>$250),61,4.97,https://www.airbnb.com/rooms/11116
11117,Bright Loft in Tribeca,1209,Sophia,t,Superhost,Manhattan,Tribeca,40.77191,-73.93889,Entire home/apt,243,5,48.6,2,45,2026-07-23,3.21,4,Small Host (2-4),Moderate ($100-$250),52,4.92,https://www.airbnb.com/rooms/11117
11118,Chic Apartment in East Village,1195,Charlotte,t,Superhost,Manhattan,East Village,40.8202,-73.94232,Hotel room,287,2,143.5,2,102,2026-05-13,10.18,1,Single Listing,Luxury (>$250),82,4.98,https://www.airbnb.com/rooms/11118
11119,Modern Apartment in East Village,1206,Jessica,f,Standard Host,Manhattan,East Village,40.7673,-73.98863,Private room,88,1,88.0,7,13,2026-06-02,0.5,1,Single Listing,Budget (<$100),334,4.5,https://www.airbnb.com/rooms/11119
11120,Minimalist Studio in Brooklyn Heights,1024,Benjamin,f,Standard Host,Brooklyn,Brooklyn Heights,40.6488,-73.92823,Entire home/apt,214,2,107.0,1,20,2026-07-07,1.93,3,Small Host (2-4),Moderate ($100-$250),105,4.36,https://www.airbnb.com/rooms/11120
11121,Quiet Brownstone Unit in Tribeca,1076,Noah,f,Standard Host,Manhattan,Tribeca,40.81007,-73.99511,Entire home/apt,453,5,90.6,2,12,2026-07-27,0.87,1,Single Listing,Luxury (>$250),309,4.63,https://www.airbnb.com/rooms/11121
11122,Spacious Suite in Fordham,1322,Elena,f,Standard Host,Bronx,Fordham,40.85171,-73.86228,Entire home/apt,120,2,60.0,30,31,2025-12-02,1.65,2,Small Host (2-4),Moderate ($100-$250),329,4.36,https://www.airbnb.com/rooms/11122
11123,Cozy Suite in Midtown,1303,Alex,f,Standard Host,Manhattan,Midtown,40.77403,-73.96597,Private room,172,3,57.33,2,34,2026-07-28,1.03,1,Single Listing,Moderate ($100-$250),17,4.49,https://www.airbnb.com/rooms/11123
11124,Luxury Flat in Upper West Side,1166,Emily,f,Standard Host,Manhattan,Upper West Side,40.74476,-73.95611,Private room,99,3,33.0,1,35,2026-01-25,1.25,1,Single Listing,Budget (<$100),235,4.53,https://www.airbnb.com/rooms/11124
11125,Modern Flat in East Village,1029,Ethan,t,Superhost,Manhattan,East Village,40.80287,-73.97663,Entire home/apt,280,2,140.0,4,26,2026-06-30,0.91,2,Small Host (2-4),Luxury (>$250),204,4.97,https://www.airbnb.com/rooms/11125
11126,Quiet Haven in Flushing,1096,Jessica,f,Standard Host,Queens,Flushing,40.70311,-73.7841,Private room,35,1,35.0,3,59,2026-06-29,2.75,1,Single Listing,Budget (<$100),226,4.59,https://www.airbnb.com/rooms/11126
11127,Stunning Room in Park Slope,1138,James,f,Standard Host,Brooklyn,Park Slope,40.67018,-73.89995,Entire home/apt,164,5,32.8,1,14,2026-06-08,0.51,2,Small Host (2-4),Moderate ($100-$250),267,4.1,https://www.airbnb.com/rooms/11127
11128,Charming Flat in Brooklyn Heights,1326,Olivia,f,Standard Host,Brooklyn,Brooklyn Heights,40.68041,-73.93379,Private room,90,1,90.0,2,98,2026-06-05,10.28,1,Single Listing,Budget (<$100),141,4.57,https://www.airbnb.com/rooms/11128
11129,Spacious Penthouse in SoHo,1160,Emma,f,Standard Host,Manhattan,SoHo,40.80004,-73.96297,Private room,112,2,56.0,2,52,2026-04-15,4.52,3,Small Host (2-4),Moderate ($100-$250),108,4.4,https://www.airbnb.com/rooms/11129
11130,Chic Studio in Bedford-Stuyvesant,1144,Ava,f,Standard Host,Brooklyn,Bedford-Stuyvesant,40.66748,-73.93471,Entire home/apt,257,2,128.5,3,60,2026-06-28,2.07,2,Small Host (2-4),Luxury (>$250),52,4.61,https://www.airbnb.com/rooms/11130
11131,Quiet Haven in Chelsea,1171,Emily,f,Standard Host,Manhattan,Chelsea,40.78867,-73.95525,Entire home/apt,333,2,166.5,1,23,2026-07-16,3.55,1,Single Listing,Luxury (>$250),211,4.46,https://www.airbnb.com/rooms/11131
11132,Bright Apartment in Forest Hills,1254,David,t,Superhost,Queens,Forest Hills,40.69292,-73.78112,Private room,53,1,53.0,5,53,2026-05-19,1.98,1,Single Listing,Budget (<$100),188,4.95,https://www.airbnb.com/rooms/11132
11133,Rustic Penthouse in Flushing,1183,Carlos,f,Standard Host,Queens,Flushing,40.7268,-73.8132,Entire home/apt,100,5,20.0,1,34,2026-07-22,3.92,1,Single Listing,Moderate ($100-$250),143,4.29,https://www.airbnb.com/rooms/11133
11134,Rustic Room in Tribeca,1288,Charlotte,f,Standard Host,Manhattan,Tribeca,40.75956,-73.97474,Entire home/apt,527,2,263.5,2,28,2026-07-28,1.16,1,Single Listing,Luxury (>$250),199,4.4,https://www.airbnb.com/rooms/11134
11135,Sunny Penthouse in Upper West Side,1052,Sophia,f,Standard Host,Manhattan,Upper West Side,40.77356,-73.97851,Entire home/apt,383,4,95.75,2,58,2026-07-04,3.05,1,Single Listing,Luxury (>$250),28,4.48,https://www.airbnb.com/rooms/11135
11136,Cozy Haven in Financial District,1157,Emily,f,Standard Host,Manhattan,Financial District,40.81345,-73.97417,Entire home/apt,550,3,183.33,1,28,2026-04-17,1.01,3,Small Host (2-4),Luxury (>$250),323,4.4,https://www.airbnb.com/rooms/11136
11137,Sunny Penthouse in Chelsea,1304,Benjamin,f,Standard Host,Manhattan,Chelsea,40.78017,-73.96188,Entire home/apt,271,8,33.88,3,27,2026-05-29,0.88,1,Single Listing,Luxury (>$250),257,4.55,https://www.airbnb.com/rooms/11137
11138,Minimalist Flat in Cobble Hill,1139,Mia,t,Superhost,Brooklyn,Cobble Hill,40.66786,-73.95414,Entire home/apt,289,3,96.33,2,62,2026-07-05,6.0,1,Single Listing,Luxury (>$250),292,4.97,https://www.airbnb.com/rooms/11138
11139,Boho Room in Jackson Heights,1250,Elena,f,Standard Host,Queens,Jackson Heights,40.70051,-73.7536,Entire home/apt,124,2,62.0,3,63,2026-07-16,3.44,2,Small Host (2-4),Moderate ($100-$250),345,4.45,https://www.airbnb.com/rooms/11139
11140,Cozy Retreat in DUMBO,1304,Benjamin,f,Standard Host,Brooklyn,DUMBO,40.68228,-73.93269,Entire home/apt,203,2,101.5,2,53,2026-07-25,1.5,1,Single Listing,Moderate ($100-$250),173,4.33,https://www.airbnb.com/rooms/11140
11141,Quiet Flat in Brooklyn Heights,1019,Emma,f,Standard Host,Brooklyn,Brooklyn Heights,40.70059,-73.95326,Private room,100,1,100.0,1,7,2026-04-30,0.35,1,Single Listing,Moderate ($100-$250),27,4.38,https://www.airbnb.com/rooms/11141
11142,Minimalist Penthouse in Tribeca,1080,Emma,f,Standard Host,Manhattan,Tribeca,40.77488,-73.98277,Entire home/apt,482,3,160.67,30,33,2026-06-29,2.76,3,Small Host (2-4),Luxury (>$250),198,4.4,https://www.airbnb.com/rooms/11142
11143,Boho Suite in Park Slope,1274,Ava,t,Superhost,Brooklyn,Park Slope,40.68648,-73.94177,Entire home/apt,294,5,58.8,30,63,2026-06-02,5.75,1,Single Listing,Luxury (>$250),126,4.95,https://www.airbnb.com/rooms/11143
11144,Modern Brownstone Unit in Financial District,1138,Noah,f,Standard Host,Manhattan,Financial District,40.78012,-74.00055,Private room,188,1,188.0,3,59,2026-07-05,4.59,1,Single Listing,Moderate ($100-$250),196,4.24,https://www.airbnb.com/rooms/11144
11145,Minimalist Apartment in Ridgewood,1343,Sophia,t,Superhost,Queens,Ridgewood,40.75501,-73.743,Entire home/apt,213,4,53.25,5,95,2026-07-26,2.78,8,Multi-Listing Host (5+),Moderate ($100-$250),75,4.89,https://www.airbnb.com/rooms/11145
11146,Modern Penthouse in Harlem,1056,Ethan,f,Standard Host,Manhattan,Harlem,40.73815,-73.97636,Entire home/apt,356,4,89.0,1,35,2026-06-03,1.0,2,Small Host (2-4),Luxury (>$250),200,4.41,https://www.airbnb.com/rooms/11146
11147,Bright Brownstone Unit in Greenpoint,1050,Ava,f,Standard Host,Brooklyn,Greenpoint,40.66749,-73.88838,Entire home/apt,190,5,38.0,2,22,2026-05-31,0.97,1,Single Listing,Moderate ($100-$250),313,4.5,https://www.airbnb.com/rooms/11147
11148,Cozy Retreat in Bushwick,1042,James,f,Standard Host,Brooklyn,Bushwick,40.66824,-73.99616,Private room,78,1,78.0,1,44,2026-07-21,3.81,1,Single Listing,Budget (<$100),209,4.58,https://www.airbnb.com/rooms/11148
11149,Spacious Haven in Park Slope,1294,Alex,f,Standard Host,Brooklyn,Park Slope,40.70285,-73.95772,Entire home/apt,169,4,42.25,1,33,2026-05-23,1.29,1,Single Listing,Moderate ($100-$250),223,4.47,https://www.airbnb.com/rooms/11149
11150,Rustic Flat in Upper West Side,1026,Olivia,t,Superhost,Manhattan,Upper West Side,40.78411,-74.00828,Entire home/apt,281,3,93.67,3,81,2026-07-02,5.11,1,Single Listing,Luxury (>$250),249,4.97,https://www.airbnb.com/rooms/11150
11151,Bright Penthouse in Midtown,1312,Alex,f,Standard Host,Manhattan,Midtown,40.76386,-73.93217,Private room,157,3,52.33,3,56,2026-06-08,2.06,1,Single Listing,Moderate ($100-$250),73,4.25,https://www.airbnb.com/rooms/11151
11152,Quiet Flat in Bushwick,1201,Benjamin,f,Standard Host,Brooklyn,Bushwick,40.64711,-73.914,Entire home/apt,558,3,186.0,4,12,2026-07-21,0.74,1,Single Listing,Luxury (>$250),81,4.31,https://www.airbnb.com/rooms/11152
11153,Minimalist Penthouse in Williamsburg,1142,Noah,t,Superhost,Brooklyn,Williamsburg,40.64982,-73.9535,Entire home/apt,289,6,48.17,2,105,2026-07-27,4.26,1,Single Listing,Luxury (>$250),239,4.96,https://www.airbnb.com/rooms/11153
11154,Stunning Flat in Sunnyside,1112,Elena,t,Superhost,Queens,Sunnyside,40.71868,-73.8202,Entire home/apt,323,6,53.83,2,99,2026-06-12,8.47,1,Single Listing,Luxury (>$250),335,4.98,https://www.airbnb.com/rooms/11154
11155,Quiet Room in Crown Heights,1052,Mia,f,Standard Host,Brooklyn,Crown Heights,40.65587,-73.90846,Private room,86,1,86.0,2,4,2026-02-20,0.29,1,Single Listing,Budget (<$100),178,4.42,https://www.airbnb.com/rooms/11155
11156,Boho Flat in Crown Heights,1107,Emily,f,Standard Host,Brooklyn,Crown Heights,40.67871,-73.94181,Private room,57,2,28.5,1,9,2026-08-01,0.28,1,Single Listing,Budget (<$100),168,4.5,https://www.airbnb.com/rooms/11156
11157,Charming Retreat in Sunnyside,1041,Mia,f,Standard Host,Queens,Sunnyside,40.7083,-73.83478,Entire home/apt,141,2,70.5,7,64,2026-07-14,1.95,2,Small Host (2-4),Moderate ($100-$250),69,4.26,https://www.airbnb.com/rooms/11157
11158,Quiet Loft in Tribeca,1225,Daniel,f,Standard Host,Manhattan,Tribeca,40.79859,-73.95441,Private room,96,2,48.0,2,84,2026-07-06,2.57,2,Small Host (2-4),Budget (<$100),163,4.35,https://www.airbnb.com/rooms/11158
11159,Rustic Studio in Midtown,1158,Benjamin,t,Superhost,Manhattan,Midtown,40.7202,-73.9649,Entire home/apt,281,4,70.25,30,48,2026-07-14,2.26,2,Small Host (2-4),Luxury (>$250),22,4.92,https://www.airbnb.com/rooms/11159
11160,Rustic Haven in DUMBO,1214,Alex,f,Standard Host,Brooklyn,DUMBO,40.69659,-73.92065,Private room,85,1,85.0,2,37,2026-07-24,2.95,1,Single Listing,Budget (<$100),290,4.46,https://www.airbnb.com/rooms/11160
11161,Minimalist Studio in Sunnyside,1335,Daniel,f,Standard Host,Queens,Sunnyside,40.70124,-73.78404,Entire home/apt,102,6,17.0,2,29,2026-07-24,1.73,1,Single Listing,Moderate ($100-$250),98,4.52,https://www.airbnb.com/rooms/11161
11162,Charming Suite in Harlem,1124,Sarah,f,Standard Host,Manhattan,Harlem,40.79389,-73.97399,Entire home/apt,362,2,181.0,7,36,2026-04-10,5.27,12,Multi-Listing Host (5+),Luxury (>$250),299,4.45,https://www.airbnb.com/rooms/11162
11163,Chic Haven in Williamsburg,1175,Benjamin,f,Standard Host,Brooklyn,Williamsburg,40.65973,-73.93058,Entire home/apt,217,3,72.33,2,7,2026-07-14,0.22,1,Single Listing,Moderate ($100-$250),294,4.59,https://www.airbnb.com/rooms/11163
11164,Quiet Retreat in Greenpoint,1267,Alex,t,Superhost,Brooklyn,Greenpoint,40.64495,-73.94384,Private room,128,1,128.0,1,77,2026-07-08,7.73,3,Small Host (2-4),Moderate ($100-$250),295,4.89,https://www.airbnb.com/rooms/11164
11165,Minimalist Loft in Brooklyn Heights,1118,Ethan,f,Standard Host,Brooklyn,Brooklyn Heights,40.67253,-73.94582,Entire home/apt,200,2,100.0,2,28,2026-06-18,1.39,1,Single Listing,Moderate ($100-$250),275,4.29,https://www.airbnb.com/rooms/11165
11166,Bright Studio in Harlem,1089,Ethan,f,Standard Host,Manhattan,Harlem,40.79101,-73.96234,Private room,90,2,45.0,2,44,2026-06-20,1.98,1,Single Listing,Budget (<$100),19,4.51,https://www.airbnb.com/rooms/11166
11167,Charming Brownstone Unit in Hell's Kitchen,1011,David,f,Standard Host,Manhattan,Hell's Kitchen,40.77152,-73.9431,Entire home/apt,291,4,72.75,7,52,2026-07-24,2.48,1,Single Listing,Luxury (>$250),44,4.58,https://www.airbnb.com/rooms/11167
11168,Rustic Penthouse in Hell's Kitchen,1183,Jessica,f,Standard Host,Manhattan,Hell's Kitchen,40.78168,-73.98509,Private room,233,2,116.5,7,26,2026-06-16,1.76,1,Single Listing,Moderate ($100-$250),106,4.49,https://www.airbnb.com/rooms/11168
11169,Stunning Studio in Brooklyn Heights,1204,Ava,f,Standard Host,Brooklyn,Brooklyn Heights,40.68979,-73.92987,Private room,108,1,108.0,2,16,2026-06-17,0.57,1,Single Listing,Moderate ($100-$250),61,4.49,https://www.airbnb.com/rooms/11169
11170,Cozy Room in Midtown,1248,David,t,Superhost,Manhattan,Midtown,40.7857,-73.97566,Entire home/apt,218,2,109.0,1,40,2026-07-17,4.09,1,Single Listing,Moderate ($100-$250),299,4.93,https://www.airbnb.com/rooms/11170
11171,Stunning Room in Crown Heights,1304,Emma,t,Superhost,Brooklyn,Crown Heights,40.67902,-73.97737,Entire home/apt,183,8,22.88,1,61,2026-07-22,4.21,1,Single Listing,Moderate ($100-$250),248,4.93,https://www.airbnb.com/rooms/11171
11172,Luxury Brownstone Unit in Bushwick,1154,Ava,f,Standard Host,Brooklyn,Bushwick,40.66045,-73.87999,Private room,91,2,45.5,3,36,2026-07-21,1.34,2,Small Host (2-4),Budget (<$100),250,4.37,https://www.airbnb.com/rooms/11172
11173,Boho Studio in Brooklyn Heights,1098,Olivia,t,Superhost,Brooklyn,Brooklyn Heights,40.62694,-73.93773,Entire home/apt,313,6,52.17,7,72,2026-05-10,2.17,3,Small Host (2-4),Luxury (>$250),124,4.96,https://www.airbnb.com/rooms/11173
11174,Stunning Brownstone Unit in Ridgewood,1139,Ava,f,Standard Host,Queens,Ridgewood,40.69592,-73.78688,Private room,60,2,30.0,1,9,2026-08-01,0.39,1,Single Listing,Budget (<$100),191,4.47,https://www.airbnb.com/rooms/11174
11175,Spacious Haven in Harlem,1071,David,t,Superhost,Manhattan,Harlem,40.75757,-73.95397,Shared room,105,2,52.5,2,106,2026-07-08,11.77,4,Small Host (2-4),Moderate ($100-$250),65,4.93,https://www.airbnb.com/rooms/11175
11176,Boho Brownstone Unit in Harlem,1169,Sophia,f,Standard Host,Manhattan,Harlem,40.77652,-74.00617,Entire home/apt,472,5,94.4,3,31,2026-01-16,1.0,1,Single Listing,Luxury (>$250),175,4.44,https://www.airbnb.com/rooms/11176
11177,Charming Haven in Sunnyside,1181,Emily,f,Standard Host,Queens,Sunnyside,40.74072,-73.84701,Entire home/apt,163,2,81.5,3,27,2026-06-11,1.18,1,Single Listing,Moderate ($100-$250),335,4.35,https://www.airbnb.com/rooms/11177
11178,Minimalist Room in Upper West Side,1167,Carlos,t,Superhost,Manhattan,Upper West Side,40.80164,-73.97812,Entire home/apt,489,6,81.5,3,96,2026-05-10,3.46,8,Multi-Listing Host (5+),Luxury (>$250),236,4.94,https://www.airbnb.com/rooms/11178
11179,Luxury Suite in Riverdale,1295,Liam,f,Standard Host,Bronx,Riverdale,40.83249,-73.87665,Entire home/apt,147,2,73.5,1,45,2026-07-08,1.68,1,Single Listing,Moderate ($100-$250),271,4.58,https://www.airbnb.com/rooms/11179
11180,Luxury Suite in Hell's Kitchen,1348,Daniel,t,Superhost,Manhattan,Hell's Kitchen,40.75702,-73.96919,Private room,219,3,73.0,1,69,2026-06-16,2.76,1,Single Listing,Moderate ($100-$250),244,4.94,https://www.airbnb.com/rooms/11180
11181,Spacious Flat in SoHo,1068,Carlos,t,Superhost,Manhattan,SoHo,40.80055,-73.98139,Entire home/apt,312,2,156.0,7,64,2026-05-26,2.1,1,Single Listing,Luxury (>$250),211,4.98,https://www.airbnb.com/rooms/11181
11182,Charming Flat in Greenpoint,1120,Noah,f,Standard Host,Brooklyn,Greenpoint,40.65515,-73.92522,Entire home/apt,105,2,52.5,2,29,2026-03-14,0.89,2,Small Host (2-4),Moderate ($100-$250),124,4.32,https://www.airbnb.com/rooms/11182
11183,Chic Penthouse in Mott Haven,1255,Carlos,t,Superhost,Bronx,Mott Haven,40.81449,-73.89203,Entire home/apt,157,6,26.17,5,109,2026-07-01,11.34,2,Small Host (2-4),Moderate ($100-$250),48,4.99,https://www.airbnb.com/rooms/11183
11184,Boho Suite in Forest Hills,1001,Benjamin,f,Standard Host,Queens,Forest Hills,40.70972,-73.81873,Entire home/apt,154,2,77.0,2,4,2026-06-30,0.15,1,Single Listing,Moderate ($100-$250),49,4.46,https://www.airbnb.com/rooms/11184
11185,Quiet Loft in Park Slope,1304,Sarah,t,Superhost,Brooklyn,Park Slope,40.73571,-73.93547,Entire home/apt,202,2,101.0,2,98,2026-07-26,4.66,1,Single Listing,Moderate ($100-$250),29,4.96,https://www.airbnb.com/rooms/11185
11186,Modern Studio in Chelsea,1243,Ava,f,Standard Host,Manhattan,Chelsea,40.81582,-73.98046,Shared room,69,1,69.0,1,24,2026-06-18,1.18,2,Small Host (2-4),Budget (<$100),89,4.46,https://www.airbnb.com/rooms/11186
11187,Sunny Loft in Cobble Hill,1230,David,f,Standard Host,Brooklyn,Cobble Hill,40.7065,-73.92011,Private room,79,2,39.5,2,27,2026-06-18,0.78,12,Multi-Listing Host (5+),Budget (<$100),331,4.38,https://www.airbnb.com/rooms/11187
11188,Charming Penthouse in Greenpoint,1237,Michael,t,Superhost,Brooklyn,Greenpoint,40.69456,-73.91036,Entire home/apt,214,3,71.33,2,80,2026-07-08,2.5,1,Single Listing,Moderate ($100-$250),61,4.96,https://www.airbnb.com/rooms/11188
11189,Luxury Loft in Greenpoint,1107,Olivia,t,Superhost,Brooklyn,Greenpoint,40.65645,-73.98308,Private room,49,2,24.5,2,89,2026-06-24,6.74,1,Single Listing,Budget (<$100),133,4.97,https://www.airbnb.com/rooms/11189
11190,Bright Studio in Tribeca,1213,Emma,t,Superhost,Manhattan,Tribeca,40.78204,-73.99779,Entire home/apt,359,3,119.67,30,44,2026-07-11,1.23,12,Multi-Listing Host (5+),Luxury (>$250),269,4.96,https://www.airbnb.com/rooms/11190
11191,Modern Flat in Cobble Hill,1324,Benjamin,t,Superhost,Brooklyn,Cobble Hill,40.69606,-73.97123,Entire home/apt,288,3,96.0,2,66,2026-07-31,2.53,1,Single Listing,Luxury (>$250),159,4.98,https://www.airbnb.com/rooms/11191
11192,Cozy Studio in Chelsea,1143,Emma,f,Standard Host,Manhattan,Chelsea,40.79772,-73.94802,Shared room,71,2,35.5,1,23,2026-07-23,1.33,1,Single Listing,Budget (<$100),177,4.58,https://www.airbnb.com/rooms/11192
11193,Cozy Penthouse in Chelsea,1020,Elena,f,Standard Host,Manhattan,Chelsea,40.79697,-73.96788,Shared room,131,2,65.5,3,8,2026-06-19,0.88,3,Small Host (2-4),Moderate ($100-$250),269,4.39,https://www.airbnb.com/rooms/11193
11194,Chic Room in Greenwich Village,1093,Daniel,f,Standard Host,Manhattan,Greenwich Village,40.73964,-73.99977,Private room,174,2,87.0,1,33,2026-07-27,2.79,1,Single Listing,Moderate ($100-$250),210,4.42,https://www.airbnb.com/rooms/11194
11195,Quiet Brownstone Unit in Harlem,1285,David,t,Superhost,Manhattan,Harlem,40.79486,-73.9701,Shared room,54,2,27.0,7,56,2026-03-31,1.8,2,Small Host (2-4),Budget (<$100),26,4.99,https://www.airbnb.com/rooms/11195
11196,Sunny Brownstone Unit in Bushwick,1128,Ethan,f,Standard Host,Brooklyn,Bushwick,40.70321,-73.9056,Private room,69,1,69.0,2,3,2026-07-26,0.31,1,Single Listing,Budget (<$100),325,4.49,https://www.airbnb.com/rooms/11196
11197,Sunny Loft in Concourse,1287,Ava,f,Standard Host,Bronx,Concourse,40.8554,-73.85148,Entire home/apt,114,2,57.0,1,16,2026-06-13,0.44,4,Small Host (2-4),Moderate ($100-$250),14,4.55,https://www.airbnb.com/rooms/11197
11198,Luxury Loft in Crown Heights,1301,Alex,t,Superhost,Brooklyn,Crown Heights,40.68115,-73.92451,Entire home/apt,348,3,116.0,3,75,2026-07-26,4.26,1,Single Listing,Luxury (>$250),267,4.99,https://www.airbnb.com/rooms/11198
11199,Chic Haven in East Village,1200,James,t,Superhost,Manhattan,East Village,40.78021,-73.93502,Private room,165,1,165.0,3,90,2026-07-15,4.62,4,Small Host (2-4),Moderate ($100-$250),324,4.97,https://www.airbnb.com/rooms/11199
11200,Chic Flat in Chelsea,1315,Olivia,t,Superhost,Manhattan,Chelsea,40.76107,-73.97102,Entire home/apt,401,5,80.2,1,67,2026-07-02,1.98,1,Single Listing,Luxury (>$250),28,4.93,https://www.airbnb.com/rooms/11200
11201,Spacious Haven in SoHo,1116,Liam,t,Superhost,Manhattan,SoHo,40.77322,-73.93745,Entire home/apt,451,6,75.17,2,59,2026-04-22,2.35,1,Single Listing,Luxury (>$250),270,4.94,https://www.airbnb.com/rooms/11201
11202,Spacious Loft in Chelsea,1234,Benjamin,t,Superhost,Manhattan,Chelsea,40.78527,-73.97906,Hotel room,420,2,210.0,5,73,2026-04-24,3.06,1,Single Listing,Luxury (>$250),28,4.97,https://www.airbnb.com/rooms/11202
11203,Bright Brownstone Unit in Mott Haven,1027,Sarah,t,Superhost,Bronx,Mott Haven,40.82038,-73.85554,Private room,71,1,71.0,3,59,2026-07-17,4.6,2,Small Host (2-4),Budget (<$100),165,4.95,https://www.airbnb.com/rooms/11203
11204,Rustic Haven in Todt Hill,1056,Mia,f,Standard Host,Staten Island,Todt Hill,40.57019,-74.16064,Private room,60,1,60.0,3,14,2026-07-07,0.77,8,Multi-Listing Host (5+),Budget (<$100),67,4.44,https://www.airbnb.com/rooms/11204
11205,Rustic Apartment in Brooklyn Heights,1291,Olivia,f,Standard Host,Brooklyn,Brooklyn Heights,40.6856,-73.86397,Entire home/apt,252,4,63.0,2,51,2026-07-04,1.63,1,Single Listing,Luxury (>$250),348,4.41,https://www.airbnb.com/rooms/11205
11206,Spacious Loft in Forest Hills,1134,Michael,f,Standard Host,Queens,Forest Hills,40.75766,-73.78042,Private room,42,3,14.0,5,17,2026-03-31,1.88,1,Single Listing,Budget (<$100),246,4.43,https://www.airbnb.com/rooms/11206
11207,Luxury Flat in SoHo,1314,Daniel,f,Standard Host,Manhattan,SoHo,40.81366,-73.96646,Private room,135,1,135.0,2,13,2026-05-31,0.37,3,Small Host (2-4),Moderate ($100-$250),12,4.59,https://www.airbnb.com/rooms/11207
11208,Boho Loft in DUMBO,1051,Ava,f,Standard Host,Brooklyn,DUMBO,40.69934,-73.9592,Private room,66,1,66.0,1,56,2026-06-04,3.53,1,Single Listing,Budget (<$100),37,4.27,https://www.airbnb.com/rooms/11208
11209,Rustic Studio in Jackson Heights,1043,Carlos,f,Standard Host,Queens,Jackson Heights,40.7469,-73.83528,Private room,79,2,39.5,2,34,2026-06-17,1.18,3,Small Host (2-4),Budget (<$100),202,4.45,https://www.airbnb.com/rooms/11209
11210,Chic Retreat in Cobble Hill,1112,Michael,t,Superhost,Brooklyn,Cobble Hill,40.65536,-73.92705,Entire home/apt,167,4,41.75,1,77,2026-07-28,2.78,2,Small Host (2-4),Moderate ($100-$250),46,4.82,https://www.airbnb.com/rooms/11210
11211,Rustic Flat in Harlem,1204,Olivia,t,Superhost,Manhattan,Harlem,40.79683,-73.96938,Entire home/apt,247,3,82.33,2,96,2026-07-16,5.03,4,Small Host (2-4),Moderate ($100-$250),172,4.89,https://www.airbnb.com/rooms/11211
11212,Rustic Flat in Hell's Kitchen,1116,Ethan,f,Standard Host,Manhattan,Hell's Kitchen,40.76166,-73.97438,Entire home/apt,303,4,75.75,1,53,2026-03-23,4.71,1,Single Listing,Luxury (>$250),308,4.4,https://www.airbnb.com/rooms/11212
11213,Quiet Room in Harlem,1213,James,t,Superhost,Manhattan,Harlem,40.79906,-73.97795,Private room,136,2,68.0,1,110,2026-03-25,3.42,1,Single Listing,Moderate ($100-$250),123,4.94,https://www.airbnb.com/rooms/11213
11214,Rustic Loft in Tribeca,1171,Carlos,f,Standard Host,Manhattan,Tribeca,40.83332,-73.94581,Entire home/apt,317,4,79.25,3,43,2026-06-23,2.1,4,Small Host (2-4),Luxury (>$250),97,4.42,https://www.airbnb.com/rooms/11214
11215,Stunning Haven in Williamsburg,1121,Benjamin,t,Superhost,Brooklyn,Williamsburg,40.67369,-73.96336,Entire home/apt,458,3,152.67,2,67,2026-06-04,10.8,1,Single Listing,Luxury (>$250),327,4.96,https://www.airbnb.com/rooms/11215
11216,Stunning Studio in Brooklyn Heights,1184,Mia,f,Standard Host,Brooklyn,Brooklyn Heights,40.6355,-73.90036,Entire home/apt,178,3,59.33,3,20,2026-07-29,2.34,8,Multi-Listing Host (5+),Moderate ($100-$250),210,4.39,https://www.airbnb.com/rooms/11216
11217,Boho Retreat in Tribeca,1335,Benjamin,f,Standard Host,Manhattan,Tribeca,40.73755,-73.94824,Entire home/apt,466,2,233.0,1,17,2026-06-20,0.6,1,Single Listing,Luxury (>$250),95,4.44,https://www.airbnb.com/rooms/11217
11218,Modern Studio in Hell's Kitchen,1057,Sarah,f,Standard Host,Manhattan,Hell's Kitchen,40.82422,-73.96385,Private room,295,2,147.5,2,31,2026-07-12,1.07,1,Single Listing,Luxury (>$250),104,4.3,https://www.airbnb.com/rooms/11218
11219,Sunny Loft in Hell's Kitchen,1241,James,f,Standard Host,Manhattan,Hell's Kitchen,40.79731,-73.99212,Entire home/apt,271,2,135.5,2,39,2026-07-09,1.4,1,Single Listing,Luxury (>$250),19,4.55,https://www.airbnb.com/rooms/11219
11220,Boho Room in East Village,1066,David,f,Standard Host,Manhattan,East Village,40.77235,-73.99368,Private room,96,1,96.0,7,24,2026-08-01,1.1,2,Small Host (2-4),Budget (<$100),149,4.59,https://www.airbnb.com/rooms/11220
11221,Charming Room in Hell's Kitchen,1223,Ethan,t,Superhost,Manhattan,Hell's Kitchen,40.77651,-73.95937,Entire home/apt,544,8,68.0,1,128,2026-07-11,4.6,1,Single Listing,Luxury (>$250),10,4.96,https://www.airbnb.com/rooms/11221
11222,Charming Loft in Midtown,1238,Alex,t,Superhost,Manhattan,Midtown,40.78824,-73.98765,Entire home/apt,432,3,144.0,1,59,2026-04-17,1.72,1,Single Listing,Luxury (>$250),11,4.96,https://www.airbnb.com/rooms/11222
11223,Chic Suite in Midtown,1209,Charlotte,f,Standard Host,Manhattan,Midtown,40.78152,-73.96771,Private room,218,2,109.0,30,13,2026-05-29,1.19,1,Single Listing,Moderate ($100-$250),34,4.52,https://www.airbnb.com/rooms/11223
11224,Chic Retreat in Stapleton,1030,Olivia,f,Standard Host,Staten Island,Stapleton,40.60265,-74.16222,Private room,43,2,21.5,1,45,2026-06-28,2.12,2,Small Host (2-4),Budget (<$100),238,4.51,https://www.airbnb.com/rooms/11224
11225,Modern Apartment in Midtown,1301,Alex,f,Standard Host,Manhattan,Midtown,40.79344,-73.91498,Entire home/apt,390,2,195.0,7,108,2026-07-28,4.84,2,Small Host (2-4),Luxury (>$250),168,4.42,https://www.airbnb.com/rooms/11225
11226,Minimalist Retreat in Crown Heights,1152,Elena,f,Standard Host,Brooklyn,Crown Heights,40.66538,-73.97049,Shared room,74,1,74.0,3,19,2026-07-27,0.54,12,Multi-Listing Host (5+),Budget (<$100),239,4.47,https://www.airbnb.com/rooms/11226
11227,Bright Retreat in Upper West Side,1227,James,t,Superhost,Manhattan,Upper West Side,40.78431,-73.99363,Shared room,221,2,110.5,1,77,2026-07-21,2.27,1,Single Listing,Moderate ($100-$250),115,4.99,https://www.airbnb.com/rooms/11227
11228,Stunning Flat in Park Slope,1235,Sophia,f,Standard Host,Brooklyn,Park Slope,40.73054,-73.89264,Entire home/apt,267,2,133.5,5,45,2026-07-16,4.73,2,Small Host (2-4),Luxury (>$250),319,4.54,https://www.airbnb.com/rooms/11228
11229,Chic Brownstone Unit in Jackson Heights,1169,Liam,f,Standard Host,Queens,Jackson Heights,40.70031,-73.8137,Private room,74,3,24.67,30,31,2026-05-14,1.45,3,Small Host (2-4),Budget (<$100),297,4.5,https://www.airbnb.com/rooms/11229
11230,Sunny Haven in Bushwick,1295,Benjamin,f,Standard Host,Brooklyn,Bushwick,40.66435,-73.98509,Private room,79,1,79.0,3,50,2026-02-11,1.59,2,Small Host (2-4),Budget (<$100),162,4.36,https://www.airbnb.com/rooms/11230
11231,Bright Room in DUMBO,1023,Benjamin,f,Standard Host,Brooklyn,DUMBO,40.69289,-73.95993,Entire home/apt,238,6,39.67,3,22,2026-06-12,1.32,4,Small Host (2-4),Moderate ($100-$250),25,4.49,https://www.airbnb.com/rooms/11231
11232,Stunning Penthouse in Financial District,1265,Carlos,f,Standard Host,Manhattan,Financial District,40.80159,-73.98507,Private room,98,2,49.0,2,86,2026-04-08,5.08,4,Small Host (2-4),Budget (<$100),124,4.33,https://www.airbnb.com/rooms/11232
11233,Stunning Retreat in Tribeca,1112,Olivia,f,Standard Host,Manhattan,Tribeca,40.80358,-73.96124,Entire home/apt,372,3,124.0,3,8,2026-07-20,0.32,1,Single Listing,Luxury (>$250),338,4.58,https://www.airbnb.com/rooms/11233
11234,Boho Brownstone Unit in Park Slope,1257,Carlos,t,Superhost,Brooklyn,Park Slope,40.67343,-73.95646,Entire home/apt,208,2,104.0,1,51,2026-07-20,6.99,4,Small Host (2-4),Moderate ($100-$250),80,4.94,https://www.airbnb.com/rooms/11234
11235,Sunny Haven in Harlem,1170,Emma,t,Superhost,Manhattan,Harlem,40.76633,-73.96674,Private room,153,2,76.5,2,51,2026-03-24,2.09,1,Single Listing,Moderate ($100-$250),192,4.99,https://www.airbnb.com/rooms/11235
11236,Bright Studio in St. George,1059,Mia,t,Superhost,Staten Island,St. George,40.61764,-74.13807,Entire home/apt,116,2,58.0,30,58,2026-06-08,1.72,1,Single Listing,Moderate ($100-$250),85,4.98,https://www.airbnb.com/rooms/11236
11237,Modern Brownstone Unit in Flushing,1079,Jessica,f,Standard Host,Queens,Flushing,40.77624,-73.78584,Entire home/apt,106,6,17.67,7,22,2026-07-09,1.28,1,Single Listing,Moderate ($100-$250),307,4.4,https://www.airbnb.com/rooms/11237
11238,Modern Brownstone Unit in SoHo,1276,Charlotte,f,Standard Host,Manhattan,SoHo,40.77935,-73.99242,Entire home/apt,353,3,117.67,2,10,2026-07-02,0.33,12,Multi-Listing Host (5+),Luxury (>$250),348,4.46,https://www.airbnb.com/rooms/11238
11239,Rustic Suite in Ridgewood,1032,Ethan,f,Standard Host,Queens,Ridgewood,40.80047,-73.78698,Entire home/apt,116,6,19.33,1,27,2026-07-07,3.37,1,Single Listing,Moderate ($100-$250),29,4.45,https://www.airbnb.com/rooms/11239
11240,Minimalist Flat in Financial District,1084,Emma,f,Standard Host,Manhattan,Financial District,40.76499,-73.95024,Entire home/apt,319,4,79.75,2,33,2026-07-28,1.04,4,Small Host (2-4),Luxury (>$250),305,4.5,https://www.airbnb.com/rooms/11240
11241,Chic Apartment in Midtown,1082,Jessica,f,Standard Host,Manhattan,Midtown,40.79149,-73.98273,Entire home/apt,450,2,225.0,2,43,2026-06-22,1.89,2,Small Host (2-4),Luxury (>$250),237,4.59,https://www.airbnb.com/rooms/11241
11242,Charming Haven in Chelsea,1014,Michael,f,Standard Host,Manhattan,Chelsea,40.79187,-73.95325,Entire home/apt,458,2,229.0,5,49,2026-06-12,7.66,1,Single Listing,Luxury (>$250),19,4.27,https://www.airbnb.com/rooms/11242
11243,Chic Retreat in Upper West Side,1237,Daniel,f,Standard Host,Manhattan,Upper West Side,40.84931,-74.00935,Entire home/apt,295,3,98.33,2,26,2026-07-29,0.89,3,Small Host (2-4),Luxury (>$250),82,4.53,https://www.airbnb.com/rooms/11243
11244,Quiet Brownstone Unit in Bedford-Stuyvesant,1307,David,f,Standard Host,Brooklyn,Bedford-Stuyvesant,40.70742,-73.95812,Private room,88,3,29.33,2,6,2026-07-28,0.19,1,Single Listing,Budget (<$100),227,4.62,https://www.airbnb.com/rooms/11244
11245,Sunny Room in Williamsburg,1329,Liam,t,Superhost,Brooklyn,Williamsburg,40.68093,-73.95363,Private room,169,3,56.33,1,65,2025-08-24,2.25,1,Single Listing,Moderate ($100-$250),194,4.84,https://www.airbnb.com/rooms/11245
11246,Stunning Haven in Greenwich Village,1316,Ava,f,Standard Host,Manhattan,Greenwich Village,40.77809,-73.96901,Private room,120,2,60.0,7,31,2026-06-23,1.17,1,Single Listing,Moderate ($100-$250),197,4.41,https://www.airbnb.com/rooms/11246
11247,Stunning Studio in Williamsburg,1116,Sophia,f,Standard Host,Brooklyn,Williamsburg,40.65804,-73.94052,Entire home/apt,189,4,47.25,5,26,2026-07-30,3.24,1,Single Listing,Moderate ($100-$250),10,4.47,https://www.airbnb.com/rooms/11247
11248,Stunning Penthouse in Sunnyside,1007,Elena,t,Superhost,Queens,Sunnyside,40.68801,-73.82165,Private room,65,1,65.0,30,59,2026-07-27,5.24,1,Single Listing,Budget (<$100),98,4.98,https://www.airbnb.com/rooms/11248
11249,Modern Studio in Jackson Heights,1335,Carlos,f,Standard Host,Queens,Jackson Heights,40.70926,-73.80923,Entire home/apt,89,6,14.83,4,56,2026-05-25,2.16,2,Small Host (2-4),Budget (<$100),142,4.53,https://www.airbnb.com/rooms/11249
11250,Quiet Flat in Greenwich Village,1226,Olivia,t,Superhost,Manhattan,Greenwich Village,40.79572,-73.97515,Private room,219,2,109.5,7,92,2026-05-06,2.59,2,Small Host (2-4),Moderate ($100-$250),226,4.98,https://www.airbnb.com/rooms/11250
